{"type":"FeatureCollection","features":[{"type":"Feature","properties":{"nam":"Kyoto Fu","nam_ja":"京都府","id":26},"geometry":{"type":"MultiPolygon","coordinates":[[[[135.0367,35.5373],[135.0352,35.5397],[135.0301,35.5399],[135.0196,35.5383],[135.0083,35.5339],[135.0045,35.5356],[135.0024,35.535],[135,35.5351],[134.9968,35.5353],[134.9959,35.5353],[134.988,35.5303],[134.9829,35.5289],[134.9796,35.5249],[134.9745,35.5252],[134.9669,35.5213],[134.9638,35.5161],[134.9592,35.513],[134.9548,35.5159],[134.9522,35.5151],[134.9481,35.5145],[134.943,35.5139],[134.9351,35.5126],[134.9317,35.5125],[134.9265,35.5125],[134.9246,35.5147],[134.9228,35.5211],[134.9146,35.5277],[134.9151,35.5291],[134.9177,35.5329],[134.9187,35.5379],[134.9155,35.5416],[134.9143,35.5448],[134.9089,35.5467],[134.9035,35.5495],[134.901,35.5546],[134.896,35.5581],[134.8907,35.561],[134.8885,35.5607],[134.8815,35.5636],[134.8807,35.5673],[134.8718,35.5763],[134.8681,35.5759],[134.8686,35.5782],[134.863,35.584],[134.8622,35.5865],[134.8577,35.5867],[134.8542,35.5881],[134.8554,35.5935],[134.8567,35.5934],[134.8624,35.5969],[134.8656,35.6017],[134.866,35.6125],[134.8696,35.6147],[134.8718,35.6177],[134.8725,35.6197],[134.8718,35.6245],[134.8712,35.6271],[134.8709,35.636],[134.8664,35.6369],[134.8664,35.6428],[134.867,35.6487],[134.8642,35.6511],[134.8671,35.6581],[134.8703,35.6597],[134.8718,35.6597],[134.8729,35.6594],[134.8776,35.6606],[134.882,35.6589],[134.88,35.6571],[134.8813,35.6561],[134.8842,35.6571],[134.884,35.6503],[134.8834,35.6467],[134.8856,35.647],[134.8869,35.6479],[134.8882,35.6475],[134.8904,35.6485],[134.8942,35.6459],[134.8993,35.6489],[134.9051,35.646],[134.9233,35.6465],[134.934,35.6506],[134.9353,35.6505],[134.9429,35.6532],[134.9501,35.656],[134.954,35.6577],[134.9659,35.6655],[134.966,35.6699],[134.9646,35.6708],[134.9644,35.6732],[134.9662,35.6731],[134.9658,35.6739],[134.9663,35.676],[134.9672,35.6755],[134.969,35.6763],[134.971,35.6763],[134.9715,35.6769],[134.9733,35.6831],[134.977,35.6823],[134.9792,35.6841],[134.9832,35.6891],[134.9849,35.6923],[134.9887,35.6919],[134.9912,35.6904],[134.9968,35.6917],[134.9982,35.6913],[135,35.6926],[135.0019,35.6939],[135.0037,35.6937],[135.0069,35.6933],[135.0114,35.6935],[135.0127,35.6933],[135.014,35.6911],[135.0172,35.6912],[135.0222,35.6895],[135.0297,35.6921],[135.0296,35.6968],[135.0354,35.7019],[135.0387,35.7016],[135.0413,35.7001],[135.0464,35.7029],[135.0607,35.7081],[135.0615,35.7098],[135.0623,35.7131],[135.0648,35.7123],[135.0689,35.7182],[135.0695,35.7184],[135.0704,35.7185],[135.0731,35.7184],[135.0817,35.7235],[135.0867,35.7302],[135.0839,35.7369],[135.0857,35.7398],[135.0875,35.7399],[135.0923,35.7381],[135.0922,35.7407],[135.0925,35.741],[135.0938,35.7428],[135.0958,35.7416],[135.1032,35.7421],[135.1043,35.7437],[135.1056,35.7437],[135.11,35.7459],[135.1118,35.7441],[135.1218,35.7463],[135.1235,35.7458],[135.1346,35.7532],[135.1337,35.7535],[135.1335,35.7555],[135.1383,35.7577],[135.1399,35.7532],[135.1441,35.7503],[135.1498,35.7525],[135.1518,35.7524],[135.1547,35.7532],[135.1551,35.7539],[135.1567,35.7536],[135.1637,35.755],[135.1651,35.7592],[135.167,35.7578],[135.1724,35.7579],[135.174,35.7604],[135.1802,35.7602],[135.1853,35.7627],[135.1854,35.7659],[135.1887,35.7642],[135.1902,35.7643],[135.1938,35.7674],[135.1947,35.7675],[135.1969,35.7647],[135.1989,35.7649],[135.2045,35.7639],[135.2213,35.7719],[135.22,35.7743],[135.2197,35.7774],[135.223,35.7792],[135.2251,35.7761],[135.2276,35.7745],[135.2346,35.7687],[135.2361,35.7665],[135.2372,35.7673],[135.2387,35.7652],[135.2438,35.7602],[135.2468,35.7573],[135.2495,35.7572],[135.2503,35.7595],[135.2518,35.7594],[135.2531,35.7593],[135.2551,35.7571],[135.2524,35.7555],[135.2517,35.754],[135.2513,35.7537],[135.2508,35.7532],[135.2505,35.7521],[135.257,35.7445],[135.2596,35.7447],[135.2618,35.7449],[135.2642,35.7449],[135.2674,35.7425],[135.2733,35.7425],[135.2733,35.7332],[135.2742,35.7303],[135.2772,35.7316],[135.2803,35.7284],[135.2838,35.7293],[135.2845,35.728],[135.2872,35.7259],[135.2878,35.7219],[135.2882,35.7155],[135.2865,35.7101],[135.2865,35.7077],[135.286,35.7051],[135.2874,35.7051],[135.2893,35.7065],[135.2906,35.7064],[135.2961,35.7028],[135.3027,35.6995],[135.3046,35.6997],[135.308,35.6944],[135.3063,35.6929],[135.3055,35.6941],[135.304,35.6882],[135.2998,35.6817],[135.2993,35.6788],[135.2992,35.6748],[135.2994,35.6699],[135.3029,35.6628],[135.3007,35.6632],[135.2987,35.6615],[135.2942,35.6599],[135.2914,35.6643],[135.288,35.6647],[135.2884,35.6667],[135.2897,35.6665],[135.2926,35.6699],[135.2932,35.6701],[135.2939,35.6737],[135.2921,35.6741],[135.2884,35.6747],[135.2874,35.6756],[135.2813,35.6699],[135.2803,35.6696],[135.2798,35.6696],[135.2797,35.6697],[135.2795,35.6699],[135.2752,35.6721],[135.275,35.6699],[135.2751,35.6688],[135.2718,35.6665],[135.2705,35.6671],[135.268,35.6674],[135.2637,35.6621],[135.2543,35.6515],[135.2468,35.6337],[135.2443,35.6205],[135.2375,35.6171],[135.2338,35.6139],[135.2298,35.6091],[135.225,35.6033],[135.2131,35.5969],[135.2062,35.5865],[135.2056,35.5847],[135.1926,35.5711],[135.1873,35.5587],[135.1875,35.5484],[135.1899,35.5447],[135.1931,35.5383],[135.1965,35.5395],[135.1984,35.537],[135.2014,35.5377],[135.2023,35.5395],[135.204,35.5392],[135.2081,35.5427],[135.2099,35.5515],[135.2035,35.5553],[135.2041,35.5587],[135.2083,35.5628],[135.2101,35.5628],[135.2135,35.5639],[135.2196,35.5675],[135.2217,35.5674],[135.2237,35.5675],[135.2288,35.5759],[135.2278,35.5858],[135.2292,35.5855],[135.2357,35.5816],[135.2412,35.5843],[135.2407,35.5865],[135.2407,35.5878],[135.243,35.5877],[135.2454,35.5913],[135.2468,35.5907],[135.2492,35.5935],[135.2519,35.5993],[135.2547,35.5989],[135.2555,35.5887],[135.2511,35.5888],[135.2469,35.5865],[135.2493,35.5843],[135.2468,35.5833],[135.2468,35.5816],[135.2476,35.5801],[135.2521,35.5778],[135.2508,35.5759],[135.2507,35.5702],[135.2569,35.5675],[135.2588,35.5677],[135.2664,35.567],[135.2685,35.5662],[135.2739,35.5609],[135.2679,35.5577],[135.2628,35.5544],[135.2548,35.5567],[135.254,35.5527],[135.2499,35.5543],[135.25,35.5571],[135.2515,35.5597],[135.2468,35.5617],[135.2449,35.5613],[135.2378,35.5553],[135.2369,35.5458],[135.2442,35.5359],[135.2468,35.5359],[135.2526,35.5347],[135.2554,35.5349],[135.2612,35.5337],[135.2637,35.5337],[135.2673,35.5339],[135.2695,35.5316],[135.2718,35.529],[135.2715,35.5252],[135.2881,35.5163],[135.2882,35.5155],[135.2916,35.5159],[135.3098,35.5124],[135.3124,35.5151],[135.3167,35.5219],[135.3201,35.5255],[135.3216,35.5254],[135.3234,35.5256],[135.3264,35.5182],[135.3303,35.517],[135.3314,35.511],[135.334,35.5061],[135.3325,35.5032],[135.3297,35.4922],[135.3243,35.4902],[135.3231,35.4857],[135.3239,35.4825],[135.3241,35.4811],[135.3174,35.4802],[135.3164,35.4761],[135.3184,35.4779],[135.321,35.4768],[135.3185,35.4729],[135.315,35.4719],[135.318,35.4707],[135.3169,35.4655],[135.3114,35.459],[135.313,35.4524],[135.3155,35.4531],[135.3163,35.4512],[135.318,35.4517],[135.3173,35.4535],[135.3189,35.4539],[135.3196,35.4521],[135.3213,35.4525],[135.3208,35.4563],[135.3218,35.4554],[135.3232,35.4565],[135.3246,35.4564],[135.3244,35.4589],[135.3261,35.4594],[135.3258,35.4644],[135.3289,35.4653],[135.3316,35.4691],[135.3358,35.4723],[135.3467,35.4753],[135.3452,35.4781],[135.3474,35.4809],[135.3467,35.4823],[135.3407,35.4798],[135.3425,35.4834],[135.3491,35.4864],[135.3487,35.4905],[135.3468,35.494],[135.3495,35.4922],[135.3529,35.4922],[135.3531,35.4913],[135.3538,35.4887],[135.3568,35.4889],[135.3598,35.4876],[135.3655,35.4899],[135.368,35.4893],[135.3697,35.4899],[135.3718,35.4899],[135.3725,35.4887],[135.3731,35.4914],[135.378,35.4908],[135.3787,35.4889],[135.382,35.4857],[135.3801,35.4835],[135.3768,35.4818],[135.3722,35.4815],[135.3718,35.4796],[135.3718,35.477],[135.3789,35.4777],[135.3815,35.4753],[135.3828,35.4769],[135.3851,35.4755],[135.3866,35.4767],[135.3851,35.4773],[135.3867,35.48],[135.3891,35.4799],[135.3908,35.4778],[135.3975,35.4788],[135.3945,35.4845],[135.3957,35.4897],[135.4,35.4937],[135.3974,35.4963],[135.4004,35.5006],[135.399,35.5014],[135.3978,35.5],[135.3941,35.4996],[135.3956,35.5032],[135.3943,35.5057],[135.3904,35.5079],[135.3936,35.5093],[135.3963,35.5152],[135.3912,35.5173],[135.3853,35.5126],[135.3837,35.506],[135.3813,35.5032],[135.3786,35.5033],[135.3718,35.5063],[135.3716,35.5061],[135.3673,35.5054],[135.365,35.5047],[135.3598,35.5055],[135.3571,35.5032],[135.3568,35.5029],[135.3541,35.5032],[135.3515,35.5043],[135.3445,35.5041],[135.3445,35.5055],[135.3426,35.5069],[135.3447,35.5091],[135.3471,35.5094],[135.3438,35.5151],[135.3477,35.5163],[135.3487,35.5205],[135.3443,35.5213],[135.3426,35.5267],[135.3403,35.5259],[135.3423,35.5226],[135.3385,35.5239],[135.3359,35.5339],[135.3385,35.5463],[135.3423,35.5518],[135.3439,35.5454],[135.3464,35.5431],[135.3486,35.5431],[135.3561,35.5489],[135.3651,35.5516],[135.3718,35.5553],[135.378,35.5613],[135.3833,35.5606],[135.3881,35.5574],[135.3926,35.5579],[135.3987,35.5618],[135.3973,35.5644],[135.3978,35.5667],[135.3997,35.5638],[135.4012,35.5615],[135.4121,35.5701],[135.4263,35.5665],[135.4262,35.5705],[135.425,35.5735],[135.4279,35.5766],[135.4258,35.5801],[135.4286,35.5799],[135.4294,35.5797],[135.4328,35.5803],[135.4344,35.583],[135.4351,35.5865],[135.4337,35.5907],[135.4356,35.5907],[135.4389,35.5907],[135.4393,35.5911],[135.4408,35.5905],[135.4417,35.5911],[135.443,35.5911],[135.4459,35.593],[135.4479,35.5927],[135.45,35.599],[135.453,35.5985],[135.4568,35.6009],[135.4619,35.6035],[135.4628,35.5995],[135.4613,35.5969],[135.4627,35.5928],[135.4572,35.5957],[135.4568,35.5927],[135.4518,35.5913],[135.4551,35.5865],[135.4547,35.5843],[135.4481,35.5791],[135.4491,35.5765],[135.4521,35.5675],[135.4537,35.5687],[135.4565,35.5705],[135.4583,35.5699],[135.4586,35.5705],[135.4655,35.5705],[135.4675,35.567],[135.4659,35.5649],[135.4657,35.5621],[135.4713,35.5641],[135.472,35.562],[135.4732,35.5577],[135.4792,35.5586],[135.4836,35.558],[135.485,35.5581],[135.4865,35.558],[135.4646,35.5509],[135.4599,35.5472],[135.4578,35.5417],[135.454,35.5359],[135.449,35.5235],[135.4508,35.5209],[135.4629,35.5133],[135.4675,35.5093],[135.4743,35.507],[135.4748,35.5049],[135.474,35.5032],[135.4724,35.5003],[135.4754,35.4891],[135.4738,35.4885],[135.4711,35.4896],[135.4674,35.4841],[135.4588,35.4725],[135.4591,35.4675],[135.4637,35.462],[135.4704,35.4556],[135.4699,35.4545],[135.4816,35.4485],[135.4857,35.4486],[135.4889,35.4408],[135.4886,35.4387],[135.4964,35.4379],[135.4968,35.4377],[135.4995,35.4324],[135.4979,35.4325],[135.4968,35.4314],[135.496,35.4284],[135.4958,35.4251],[135.4968,35.4249],[135.5001,35.4223],[135.5029,35.4205],[135.5112,35.4243],[135.5164,35.4222],[135.5216,35.4222],[135.5253,35.4207],[135.5257,35.4199],[135.5288,35.4109],[135.5282,35.4074],[135.5248,35.4023],[135.5279,35.3977],[135.5301,35.3957],[135.53,35.3915],[135.5264,35.3855],[135.5285,35.3797],[135.534,35.3775],[135.5504,35.3771],[135.5579,35.3769],[135.5656,35.3773],[135.5688,35.3753],[135.5744,35.3746],[135.5797,35.3742],[135.5877,35.3683],[135.5939,35.3711],[135.5958,35.3727],[135.6013,35.3717],[135.607,35.3708],[135.611,35.3675],[135.6145,35.371],[135.6218,35.3697],[135.6372,35.3641],[135.6419,35.3668],[135.6526,35.3599],[135.6591,35.3582],[135.6614,35.3563],[135.6684,35.3566],[135.6707,35.3541],[135.675,35.3507],[135.6838,35.348],[135.6905,35.3469],[135.7007,35.3437],[135.7055,35.3461],[135.7112,35.3495],[135.7145,35.3541],[135.7169,35.3541],[135.7185,35.3553],[135.7251,35.352],[135.7299,35.3514],[135.7362,35.3512],[135.7407,35.3556],[135.7408,35.3583],[135.7455,35.3585],[135.7468,35.358],[135.7595,35.3535],[135.7642,35.3565],[135.7668,35.3556],[135.7684,35.3561],[135.7681,35.3533],[135.7637,35.3445],[135.7775,35.3411],[135.7796,35.3403],[135.7821,35.3377],[135.7818,35.3365],[135.788,35.3289],[135.7905,35.3252],[135.7926,35.3229],[135.7949,35.3212],[135.8066,35.317],[135.809,35.3161],[135.8107,35.3098],[135.8115,35.3079],[135.8146,35.3059],[135.816,35.3001],[135.8203,35.2979],[135.8206,35.2895],[135.8252,35.2829],[135.8313,35.2761],[135.8351,35.2743],[135.84,35.2759],[135.8421,35.2783],[135.8493,35.2805],[135.8532,35.2868],[135.8581,35.2891],[135.8604,35.283],[135.8558,35.277],[135.8547,35.2727],[135.8491,35.2679],[135.8446,35.2607],[135.8447,35.2564],[135.842,35.2532],[135.8436,35.2514],[135.8392,35.2453],[135.8361,35.2411],[135.8342,35.2411],[135.8373,35.2347],[135.8368,35.2258],[135.8291,35.2207],[135.831,35.2147],[135.8318,35.2098],[135.8352,35.2047],[135.8399,35.191],[135.8411,35.1873],[135.8408,35.1795],[135.8424,35.1781],[135.8439,35.1699],[135.8481,35.1613],[135.8558,35.1595],[135.8557,35.1533],[135.852,35.1469],[135.8485,35.1413],[135.8507,35.135],[135.8514,35.131],[135.8497,35.124],[135.8483,35.119],[135.8462,35.1137],[135.8443,35.1138],[135.8415,35.1015],[135.8374,35.0948],[135.8353,35.0909],[135.8395,35.0865],[135.8374,35.0789],[135.8315,35.0713],[135.8355,35.059],[135.8327,35.0529],[135.8305,35.0528],[135.8253,35.0533],[135.8204,35.0493],[135.815,35.0461],[135.8168,35.0399],[135.8231,35.0359],[135.8275,35.0276],[135.8268,35.0223],[135.8334,35.0223],[135.8347,35.0128],[135.8247,35.0121],[135.8204,35.015],[135.8199,35.0129],[135.8252,35.0084],[135.8326,35.0093],[135.8351,35.0032],[135.835,35],[135.835,34.9993],[135.8334,35],[135.832,35.0007],[135.8316,35],[135.8268,34.9911],[135.8438,34.9903],[135.8493,34.991],[135.8499,34.9845],[135.8554,34.9839],[135.8555,34.9783],[135.8545,34.9751],[135.8525,34.9707],[135.8561,34.9685],[135.8598,34.9632],[135.8632,34.9599],[135.8652,34.9571],[135.8718,34.9556],[135.8751,34.9533],[135.8782,34.9475],[135.8762,34.9425],[135.8788,34.9341],[135.8718,34.9267],[135.871,34.9251],[135.8685,34.9199],[135.8709,34.9105],[135.8664,34.9065],[135.8625,34.9029],[135.8672,34.8937],[135.8664,34.8923],[135.8718,34.8888],[135.8742,34.8882],[135.8768,34.8865],[135.882,34.8842],[135.8866,34.8831],[135.888,34.8798],[135.885,34.8764],[135.8873,34.8755],[135.896,34.8726],[135.898,34.8712],[135.907,34.8741],[135.9079,34.8765],[135.913,34.8833],[135.9206,34.8841],[135.9233,34.8838],[135.9306,34.8885],[135.9336,34.8885],[135.9387,34.8931],[135.9405,34.8932],[135.9407,34.8855],[135.9404,34.8799],[135.943,34.8781],[135.9417,34.869],[135.9414,34.8631],[135.9466,34.8533],[135.9457,34.8517],[135.9554,34.8537],[135.9586,34.8544],[135.9614,34.8537],[135.9632,34.8502],[135.9668,34.8482],[135.9684,34.8468],[135.9718,34.8457],[135.9707,34.8384],[135.9828,34.8399],[135.9862,34.8416],[135.9902,34.842],[135.9955,34.8431],[135.9968,34.8437],[136.0015,34.8449],[136.005,34.8427],[136.0023,34.8365],[136.0047,34.8282],[136.0068,34.8263],[136.0125,34.8254],[136.0158,34.8279],[136.0173,34.8282],[136.0272,34.8218],[136.0281,34.8192],[136.0269,34.8148],[136.0252,34.8145],[136.0185,34.8127],[136.0104,34.8007],[136.0113,34.7956],[136.0159,34.7974],[136.018,34.7932],[136.0218,34.7915],[136.0203,34.7892],[136.0211,34.7844],[136.0248,34.7814],[136.0296,34.7802],[136.0335,34.7789],[136.0319,34.7707],[136.0296,34.7641],[136.0296,34.7607],[136.0285,34.7572],[136.0312,34.7558],[136.0378,34.7563],[136.0379,34.7532],[136.0406,34.7485],[136.0477,34.7427],[136.0517,34.7401],[136.0552,34.7384],[136.0526,34.7384],[136.0427,34.7361],[136.0395,34.7216],[136.0358,34.7183],[136.0334,34.716],[136.029,34.7137],[136.0285,34.7062],[136.0194,34.7084],[136.014,34.7077],[136.0132,34.7104],[136.0111,34.7149],[136.0055,34.7169],[136.0002,34.7135],[135.9968,34.7133],[135.9926,34.7123],[135.9915,34.7144],[135.9859,34.7151],[135.9849,34.7277],[135.9832,34.7331],[135.9807,34.7357],[135.9793,34.7367],[135.9754,34.7409],[135.9727,34.7415],[135.9695,34.7405],[135.9663,34.7424],[135.9632,34.7409],[135.9588,34.7402],[135.955,34.7477],[135.9447,34.7417],[135.9428,34.738],[135.9369,34.7399],[135.933,34.7379],[135.9254,34.7403],[135.9234,34.7439],[135.9282,34.7532],[135.928,34.7534],[135.9285,34.7564],[135.9254,34.7575],[135.9217,34.7547],[135.9209,34.7532],[135.9193,34.7532],[135.9156,34.7532],[135.9131,34.7475],[135.9044,34.7365],[135.9014,34.7317],[135.8982,34.7315],[135.8956,34.725],[135.89,34.7087],[135.886,34.7127],[135.8818,34.7136],[135.8784,34.7124],[135.8765,34.7136],[135.8718,34.7114],[135.8702,34.7111],[135.8638,34.7076],[135.8639,34.7068],[135.8618,34.7069],[135.8486,34.7059],[135.8488,34.7074],[135.8439,34.709],[135.8391,34.7115],[135.8323,34.713],[135.8293,34.7127],[135.8266,34.7135],[135.8208,34.7119],[135.8162,34.7141],[135.8106,34.7147],[135.8107,34.7149],[135.8118,34.7163],[135.8062,34.7179],[135.8034,34.7217],[135.7995,34.7224],[135.7966,34.7208],[135.7928,34.7241],[135.7839,34.7242],[135.7779,34.7234],[135.7746,34.7241],[135.7738,34.7251],[135.765,34.7255],[135.7578,34.728],[135.7551,34.7275],[135.7545,34.7279],[135.7567,34.7351],[135.7488,34.7415],[135.7468,34.7464],[135.7363,34.7497],[135.7363,34.7517],[135.7362,34.7532],[135.7363,34.7548],[135.7334,34.7547],[135.7311,34.7648],[135.7284,34.7779],[135.729,34.7792],[135.739,34.7877],[135.7396,34.7903],[135.7415,34.7935],[135.7454,34.7983],[135.7447,34.8043],[135.7388,34.8115],[135.7356,34.8175],[135.7308,34.8227],[135.7245,34.823],[135.7229,34.8263],[135.7184,34.8317],[135.7153,34.8365],[135.7123,34.8403],[135.7098,34.8466],[135.7033,34.8515],[135.6955,34.8482],[135.6905,34.8561],[135.6943,34.8607],[135.6919,34.8613],[135.6908,34.8682],[135.6823,34.8721],[135.683,34.8777],[135.6796,34.8813],[135.6823,34.8878],[135.6757,34.8951],[135.6749,34.8987],[135.6667,34.9041],[135.6644,34.9031],[135.6636,34.9049],[135.6625,34.9039],[135.6539,34.9091],[135.6486,34.9094],[135.6479,34.9168],[135.6492,34.9167],[135.6522,34.9168],[135.6506,34.9199],[135.6503,34.9231],[135.6428,34.9298],[135.6404,34.9313],[135.6369,34.9314],[135.6307,34.9353],[135.6277,34.934],[135.6239,34.9353],[135.6218,34.9337],[135.616,34.9285],[135.6067,34.9281],[135.5999,34.928],[135.6029,34.936],[135.6053,34.9353],[135.6071,34.9367],[135.6093,34.9399],[135.6117,34.9421],[135.6117,34.9449],[135.6124,34.9468],[135.6163,34.9575],[135.6176,34.9575],[135.6171,34.9614],[135.6129,34.9713],[135.6085,34.97],[135.6057,34.9701],[135.6034,34.9711],[135.595,34.9695],[135.5921,34.9667],[135.59,34.9673],[135.5831,34.9763],[135.5733,34.9717],[135.5707,34.9674],[135.5731,34.9609],[135.577,34.9608],[135.5783,34.9557],[135.5691,34.9541],[135.5663,34.9529],[135.5636,34.9536],[135.5617,34.945],[135.5568,34.9381],[135.5577,34.933],[135.5587,34.9344],[135.5633,34.9422],[135.5653,34.9402],[135.5622,34.9335],[135.5646,34.9337],[135.5712,34.9391],[135.58,34.937],[135.5807,34.9236],[135.5765,34.9199],[135.5727,34.9168],[135.5722,34.9165],[135.5625,34.9177],[135.5537,34.916],[135.5507,34.9179],[135.5484,34.9176],[135.5445,34.9171],[135.5418,34.9153],[135.536,34.9199],[135.5375,34.9249],[135.5248,34.9288],[135.5209,34.9328],[135.5169,34.9335],[135.5132,34.9439],[135.5047,34.9461],[135.5028,34.9453],[135.4968,34.9407],[135.49,34.9418],[135.4885,34.9459],[135.4843,34.9474],[135.481,34.9495],[135.4863,34.9564],[135.4846,34.9583],[135.4809,34.9625],[135.4823,34.9651],[135.4866,34.9667],[135.4854,34.9645],[135.4901,34.9677],[135.4889,34.9675],[135.4865,34.9744],[135.4832,34.9814],[135.4848,34.9837],[135.4928,34.9877],[135.4914,34.9893],[135.4874,34.9919],[135.4841,34.9926],[135.482,34.9947],[135.4723,34.9946],[135.4616,35],[135.4607,35.0005],[135.4522,35.0022],[135.4497,35.0032],[135.442,35.0063],[135.4361,35.0083],[135.4242,35.0032],[135.423,35.0023],[135.4177,35.0032],[135.4099,35.0109],[135.4031,35.0067],[135.3972,35.0107],[135.3949,35.0091],[135.3892,35.0111],[135.3821,35.0101],[135.3797,35.0155],[135.3779,35.0211],[135.3803,35.0255],[135.3818,35.0309],[135.3802,35.0363],[135.3762,35.0428],[135.3718,35.0452],[135.3708,35.0453],[135.3688,35.0536],[135.3718,35.0591],[135.3767,35.0607],[135.3762,35.0649],[135.3872,35.0724],[135.3937,35.0737],[135.3977,35.0761],[135.3992,35.0761],[135.3989,35.0811],[135.4007,35.0865],[135.4016,35.0878],[135.4031,35.0894],[135.4007,35.0931],[135.3913,35.0981],[135.3904,35.0984],[135.3885,35.0971],[135.3887,35.1072],[135.393,35.1109],[135.3896,35.1146],[135.3861,35.119],[135.3897,35.1259],[135.3894,35.1288],[135.3729,35.1291],[135.3718,35.1304],[135.3698,35.1322],[135.3684,35.1318],[135.3607,35.1321],[135.3561,35.136],[135.3435,35.1357],[135.3393,35.1387],[135.3372,35.1438],[135.339,35.1449],[135.3405,35.1499],[135.3284,35.1491],[135.323,35.1466],[135.3064,35.1443],[135.3004,35.1428],[135.2987,35.1435],[135.2946,35.1419],[135.2896,35.1421],[135.286,35.1442],[135.2822,35.1449],[135.278,35.1511],[135.2828,35.1507],[135.2873,35.1575],[135.2909,35.1597],[135.2898,35.1699],[135.2889,35.1723],[135.2847,35.1713],[135.2808,35.174],[135.2773,35.1747],[135.2738,35.1771],[135.2658,35.1755],[135.2579,35.1771],[135.2549,35.1767],[135.251,35.1775],[135.2468,35.177],[135.2366,35.1771],[135.2327,35.1774],[135.2287,35.1699],[135.2283,35.1674],[135.2245,35.1639],[135.2149,35.1621],[135.2067,35.1609],[135.2046,35.163],[135.2008,35.1656],[135.196,35.1699],[135.1944,35.1713],[135.1869,35.1718],[135.1891,35.1822],[135.1863,35.1898],[135.1925,35.1941],[135.1954,35.194],[135.199,35.194],[135.1967,35.2029],[135.1925,35.2045],[135.1881,35.2082],[135.1819,35.2159],[135.1807,35.2157],[135.175,35.2146],[135.1703,35.2203],[135.1651,35.2194],[135.1556,35.2262],[135.1557,35.2292],[135.1594,35.23],[135.1662,35.2402],[135.162,35.2532],[135.1613,35.2574],[135.1583,35.2599],[135.1481,35.2636],[135.143,35.2624],[135.1361,35.265],[135.1304,35.2611],[135.1218,35.263],[135.1155,35.2633],[135.109,35.2663],[135.0987,35.259],[135.094,35.2601],[135.0906,35.2564],[135.085,35.2532],[135.0808,35.245],[135.077,35.2445],[135.0738,35.2414],[135.0675,35.2372],[135.0658,35.2401],[135.0641,35.245],[135.0602,35.2493],[135.0594,35.2532],[135.0566,35.258],[135.0565,35.264],[135.0551,35.2646],[135.0513,35.2625],[135.0427,35.2635],[135.0382,35.2607],[135.0364,35.2619],[135.0257,35.2652],[135.0168,35.269],[135.01,35.2698],[135.0114,35.2774],[135.0095,35.2837],[135.0007,35.2873],[135,35.2887],[134.9988,35.2911],[134.9968,35.2905],[134.9957,35.2895],[134.9916,35.29],[134.9756,35.2951],[134.9668,35.2969],[134.9602,35.2979],[134.9489,35.3034],[134.9464,35.3055],[134.9429,35.3083],[134.9372,35.3076],[134.9256,35.3112],[134.9208,35.3163],[134.9254,35.3218],[134.9247,35.3257],[134.9272,35.3293],[134.9253,35.3365],[134.9191,35.3387],[134.917,35.3399],[134.9185,35.3493],[134.9226,35.3527],[134.9185,35.3645],[134.9264,35.3775],[134.9251,35.3859],[134.923,35.3943],[134.9245,35.3941],[134.927,35.3979],[134.931,35.4017],[134.9338,35.4074],[134.9448,35.4132],[134.9539,35.4088],[134.9586,35.4091],[134.9687,35.4003],[134.9763,35.3983],[134.9789,35.3984],[134.9872,35.3945],[134.9868,35.3907],[134.9895,35.3863],[134.9968,35.3871],[134.9997,35.3867],[135,35.3869],[135.0044,35.3896],[135.0095,35.3918],[135.0125,35.3936],[135.0151,35.3933],[135.0192,35.3945],[135.0217,35.3981],[135.028,35.405],[135.0291,35.4096],[135.0409,35.4088],[135.0458,35.4072],[135.0483,35.4074],[135.0499,35.4199],[135.0481,35.422],[135.0475,35.4269],[135.0482,35.4329],[135.0504,35.4419],[135.0495,35.4511],[135.0475,35.4521],[135.0432,35.4623],[135.0427,35.4669],[135.0405,35.4735],[135.0358,35.4753],[135.0353,35.4802],[135.0384,35.4807],[135.0417,35.4934],[135.0328,35.4973],[135.0399,35.5032],[135.0447,35.5085],[135.0439,35.5093],[135.0419,35.5205],[135.0397,35.5265],[135.0362,35.5301],[135.0367,35.5373]]],[[[135.4231,35.6765],[135.4214,35.6797],[135.4234,35.6837],[135.4243,35.6882],[135.4273,35.6825],[135.4231,35.6765]]],[[[135.4782,35.5932],[135.4749,35.5956],[135.4761,35.5991],[135.477,35.6031],[135.4779,35.6059],[135.4796,35.6042],[135.4809,35.5943],[135.4782,35.5932]]],[[[135.3389,35.4936],[135.3388,35.4968],[135.3404,35.4986],[135.3474,35.4971],[135.3472,35.4959],[135.3389,35.4936]]]]}},{"type":"Feature","properties":{"nam":"Shiga Ken","nam_ja":"滋賀県","id":25},"geometry":{"type":"Polygon","coordinates":[[[136.15,35.6978],[136.1571,35.7002],[136.1632,35.6962],[136.1658,35.698],[136.168,35.7028],[136.1715,35.7018],[136.1746,35.7035],[136.1812,35.7017],[136.185,35.7037],[136.1911,35.7013],[136.1952,35.6958],[136.1993,35.6895],[136.2014,35.6885],[136.2052,35.6871],[136.2088,35.6867],[136.2127,35.6822],[136.2182,35.6845],[136.2273,35.6805],[136.232,35.6826],[136.2367,35.6799],[136.245,35.674],[136.2468,35.6754],[136.2505,35.676],[136.2582,35.6713],[136.2647,35.6705],[136.2658,35.6699],[136.271,35.6661],[136.2804,35.6611],[136.2806,35.6587],[136.2759,35.6533],[136.2828,35.6433],[136.2789,35.6369],[136.2833,35.6317],[136.2869,35.6261],[136.2887,35.6203],[136.293,35.6185],[136.2989,35.618],[136.3049,35.6207],[136.3102,35.6233],[136.3154,35.6233],[136.3233,35.6163],[136.3163,35.6071],[136.3153,35.6056],[136.32,35.6013],[136.3231,35.5865],[136.3228,35.5833],[136.3215,35.5687],[136.3173,35.5601],[136.3169,35.5535],[136.3178,35.5469],[136.3216,35.5443],[136.3254,35.5462],[136.3268,35.5499],[136.3319,35.5505],[136.3377,35.5494],[136.3402,35.5419],[136.3405,35.5373],[136.3457,35.536],[136.3482,35.5377],[136.3563,35.5399],[136.3633,35.559],[136.3679,35.5593],[136.3718,35.5597],[136.3749,35.5548],[136.3794,35.5467],[136.3817,35.5373],[136.3849,35.5329],[136.3968,35.5317],[136.4002,35.5299],[136.4008,35.5263],[136.3998,35.5205],[136.4053,35.5135],[136.4028,35.512],[136.3997,35.5135],[136.3982,35.5103],[136.3944,35.5067],[136.3916,35.5032],[136.3876,35.4956],[136.3872,35.4879],[136.3934,35.4844],[136.3987,35.4782],[136.4012,35.4716],[136.4034,35.4694],[136.4136,35.4669],[136.4197,35.4665],[136.4226,35.4543],[136.4255,35.4477],[136.4221,35.4407],[136.417,35.4341],[136.4152,35.4317],[136.4182,35.4271],[136.4114,35.421],[136.4115,35.4199],[136.4115,35.4186],[136.4206,35.4114],[136.4242,35.4059],[136.4296,35.3999],[136.4364,35.3968],[136.4396,35.3943],[136.4433,35.3898],[136.4441,35.3895],[136.4355,35.3785],[136.4248,35.3737],[136.4178,35.3733],[136.4152,35.3735],[136.4134,35.3713],[136.4123,35.3685],[136.413,35.3647],[136.4131,35.3623],[136.4113,35.3585],[136.4095,35.3554],[136.4114,35.3521],[136.4166,35.3545],[136.4212,35.3531],[136.4206,35.3466],[136.415,35.3365],[136.4133,35.3323],[136.4111,35.3278],[136.4127,35.3236],[136.4108,35.3138],[136.4067,35.3091],[136.4047,35.3039],[136.4028,35.3017],[136.4023,35.3003],[136.3979,35.2974],[136.3947,35.2939],[136.3908,35.2878],[136.3915,35.2871],[136.3955,35.2787],[136.3942,35.259],[136.3965,35.2574],[136.3931,35.2532],[136.3849,35.2483],[136.3829,35.2485],[136.3809,35.2484],[136.3788,35.2451],[136.3781,35.2427],[136.385,35.2371],[136.387,35.2347],[136.3925,35.2334],[136.3924,35.2301],[136.3988,35.2273],[136.4003,35.2259],[136.41,35.2219],[136.4119,35.2184],[136.4149,35.2177],[136.4157,35.2072],[136.4167,35.2027],[136.4124,35.1955],[136.4102,35.1892],[136.4083,35.1872],[136.4186,35.1834],[136.4223,35.1835],[136.4247,35.1838],[136.4366,35.1745],[136.4408,35.1715],[136.4444,35.1711],[136.4451,35.1699],[136.4456,35.1659],[136.4522,35.1657],[136.4543,35.1616],[136.4532,35.1582],[136.4538,35.152],[136.449,35.1495],[136.4452,35.1495],[136.4436,35.1431],[136.4419,35.1387],[136.4374,35.1353],[136.436,35.1301],[136.4478,35.1235],[136.4407,35.1169],[136.4411,35.1119],[136.4413,35.1089],[136.4414,35.1007],[136.4391,35.095],[136.4391,35.0907],[136.4419,35.0867],[136.4419,35.0865],[136.4356,35.0827],[136.4386,35.0763],[136.4412,35.0651],[136.4397,35.0649],[136.4382,35.0652],[136.4336,35.0603],[136.4278,35.0564],[136.4243,35.0565],[136.4205,35.0507],[136.4182,35.0484],[136.4167,35.0422],[136.4187,35.03],[136.4241,35.029],[136.4228,35.0261],[136.4198,35.0206],[136.4174,35.0187],[136.4179,35.0181],[136.4175,35.0091],[136.4194,35.0032],[136.4208,35],[136.4209,34.9997],[136.413,34.9953],[136.4154,34.991],[136.4148,34.9847],[136.4143,34.9796],[136.4028,34.9681],[136.4008,34.9643],[136.3995,34.9621],[136.3952,34.9517],[136.39,34.9515],[136.3862,34.9524],[136.373,34.9418],[136.3748,34.9383],[136.3718,34.9344],[136.3718,34.9299],[136.3718,34.9277],[136.3718,34.9273],[136.3749,34.9243],[136.3718,34.9236],[136.3666,34.9204],[136.3669,34.9199],[136.367,34.9141],[136.3644,34.9103],[136.3656,34.9049],[136.3617,34.905],[136.3571,34.9005],[136.3496,34.8985],[136.3455,34.8952],[136.3393,34.8953],[136.3288,34.8906],[136.3248,34.8888],[136.3205,34.8897],[136.3129,34.8862],[136.3122,34.8803],[136.3032,34.8749],[136.3003,34.876],[136.291,34.8704],[136.2862,34.8702],[136.2835,34.8703],[136.277,34.8742],[136.2722,34.8691],[136.2686,34.8671],[136.2663,34.8639],[136.2503,34.8578],[136.2468,34.8588],[136.2448,34.859],[136.2432,34.8587],[136.2369,34.8598],[136.2345,34.8613],[136.2319,34.8613],[136.2287,34.8614],[136.2263,34.8612],[136.2254,34.8616],[136.2211,34.8633],[136.2197,34.8633],[136.2182,34.8656],[136.2134,34.8655],[136.2052,34.8687],[136.2027,34.8683],[136.1966,34.871],[136.193,34.8726],[136.1917,34.8725],[136.1897,34.8745],[136.1868,34.8783],[136.1854,34.8783],[136.184,34.8782],[136.1817,34.8781],[136.1789,34.8807],[136.1794,34.8837],[136.1794,34.8865],[136.1669,34.8877],[136.1653,34.8878],[136.1591,34.8858],[136.1575,34.8847],[136.1519,34.8833],[136.1471,34.8823],[136.1367,34.8883],[136.1326,34.8837],[136.1308,34.8831],[136.1229,34.8887],[136.1218,34.888],[136.1187,34.8922],[136.1166,34.8922],[136.1146,34.8953],[136.114,34.8995],[136.1106,34.9019],[136.1051,34.8991],[136.0999,34.8925],[136.0956,34.8888],[136.0923,34.8882],[136.087,34.8905],[136.0857,34.8857],[136.0887,34.8818],[136.0852,34.8777],[136.0873,34.8764],[136.0951,34.8734],[136.1009,34.8703],[136.1086,34.8698],[136.1141,34.8702],[136.1164,34.8717],[136.1192,34.8711],[136.1218,34.8728],[136.1257,34.8699],[136.123,34.8658],[136.1266,34.8618],[136.1218,34.8601],[136.116,34.8556],[136.1124,34.8559],[136.1073,34.8519],[136.1056,34.8431],[136.1031,34.8405],[136.1014,34.8405],[136.0987,34.839],[136.094,34.8398],[136.0909,34.8365],[136.0899,34.8365],[136.0857,34.8375],[136.0858,34.8365],[136.0892,34.8322],[136.0876,34.829],[136.0922,34.821],[136.094,34.8189],[136.0903,34.8139],[136.0881,34.8113],[136.0818,34.8082],[136.0777,34.808],[136.0753,34.808],[136.0714,34.8043],[136.0634,34.8016],[136.0628,34.8002],[136.0615,34.7998],[136.0568,34.8035],[136.0515,34.7991],[136.0479,34.8005],[136.0461,34.8009],[136.0422,34.7987],[136.0369,34.7937],[136.0321,34.7937],[136.0263,34.7907],[136.022,34.7918],[136.0218,34.7915],[136.018,34.7932],[136.0159,34.7974],[136.0113,34.7956],[136.0104,34.8007],[136.0185,34.8127],[136.0252,34.8145],[136.0269,34.8148],[136.0281,34.8192],[136.0272,34.8218],[136.0173,34.8282],[136.0158,34.8279],[136.0125,34.8254],[136.0068,34.8263],[136.0047,34.8282],[136.0023,34.8365],[136.005,34.8427],[136.0015,34.8449],[135.9968,34.8437],[135.9955,34.8431],[135.9902,34.842],[135.9862,34.8416],[135.9828,34.8399],[135.9707,34.8384],[135.9718,34.8457],[135.9684,34.8468],[135.9668,34.8482],[135.9632,34.8502],[135.9614,34.8537],[135.9586,34.8544],[135.9554,34.8537],[135.9457,34.8517],[135.9466,34.8533],[135.9414,34.8631],[135.9417,34.869],[135.943,34.8781],[135.9404,34.8799],[135.9407,34.8855],[135.9405,34.8932],[135.9387,34.8931],[135.9336,34.8885],[135.9306,34.8885],[135.9233,34.8838],[135.9206,34.8841],[135.913,34.8833],[135.9079,34.8765],[135.907,34.8741],[135.898,34.8712],[135.896,34.8726],[135.8873,34.8755],[135.885,34.8764],[135.888,34.8798],[135.8866,34.8831],[135.882,34.8842],[135.8768,34.8865],[135.8742,34.8882],[135.8718,34.8888],[135.8664,34.8923],[135.8672,34.8937],[135.8625,34.9029],[135.8664,34.9065],[135.8709,34.9105],[135.8685,34.9199],[135.871,34.9251],[135.8718,34.9267],[135.8788,34.9341],[135.8762,34.9425],[135.8782,34.9475],[135.8751,34.9533],[135.8718,34.9556],[135.8652,34.9571],[135.8632,34.9599],[135.8598,34.9632],[135.8561,34.9685],[135.8525,34.9707],[135.8545,34.9751],[135.8555,34.9783],[135.8554,34.9839],[135.8499,34.9845],[135.8493,34.991],[135.8438,34.9903],[135.8268,34.9911],[135.8316,35],[135.832,35.0007],[135.8334,35],[135.835,34.9993],[135.835,35],[135.8351,35.0032],[135.8326,35.0093],[135.8252,35.0084],[135.8199,35.0129],[135.8204,35.015],[135.8247,35.0121],[135.8347,35.0128],[135.8334,35.0223],[135.8268,35.0223],[135.8275,35.0276],[135.8231,35.0359],[135.8168,35.0399],[135.815,35.0461],[135.8204,35.0493],[135.8253,35.0533],[135.8305,35.0528],[135.8327,35.0529],[135.8355,35.059],[135.8315,35.0713],[135.8374,35.0789],[135.8395,35.0865],[135.8353,35.0909],[135.8374,35.0948],[135.8415,35.1015],[135.8443,35.1138],[135.8462,35.1137],[135.8483,35.119],[135.8497,35.124],[135.8514,35.131],[135.8507,35.135],[135.8485,35.1413],[135.852,35.1469],[135.8557,35.1533],[135.8558,35.1595],[135.8481,35.1613],[135.8439,35.1699],[135.8424,35.1781],[135.8408,35.1795],[135.8411,35.1873],[135.8399,35.191],[135.8352,35.2047],[135.8318,35.2098],[135.831,35.2147],[135.8291,35.2207],[135.8368,35.2258],[135.8373,35.2347],[135.8342,35.2411],[135.8361,35.2411],[135.8392,35.2453],[135.8436,35.2514],[135.842,35.2532],[135.8447,35.2564],[135.8446,35.2607],[135.8491,35.2679],[135.8547,35.2727],[135.8558,35.277],[135.8604,35.283],[135.8581,35.2891],[135.8532,35.2868],[135.8493,35.2805],[135.8421,35.2783],[135.84,35.2759],[135.8351,35.2743],[135.8313,35.2761],[135.8252,35.2829],[135.8206,35.2895],[135.8203,35.2979],[135.816,35.3001],[135.8146,35.3059],[135.8115,35.3079],[135.8107,35.3098],[135.809,35.3161],[135.8066,35.317],[135.7949,35.3212],[135.7926,35.3229],[135.7905,35.3252],[135.788,35.3289],[135.7818,35.3365],[135.7821,35.3377],[135.7796,35.3403],[135.7775,35.3411],[135.7637,35.3445],[135.7681,35.3533],[135.7684,35.3561],[135.7723,35.3625],[135.7761,35.3655],[135.7788,35.3725],[135.7863,35.3778],[135.7907,35.3793],[135.7905,35.3867],[135.7964,35.3869],[135.8,35.3851],[135.8071,35.3853],[135.8095,35.3919],[135.808,35.3959],[135.812,35.4117],[135.8151,35.4131],[135.8215,35.4136],[135.8274,35.4143],[135.8355,35.412],[135.8393,35.4141],[135.8508,35.4106],[135.8528,35.4115],[135.8549,35.407],[135.8544,35.4004],[135.8616,35.3951],[135.8679,35.3955],[135.8718,35.3969],[135.8738,35.3971],[135.8874,35.4029],[135.8904,35.4038],[135.8932,35.4173],[135.8927,35.4199],[135.9011,35.4272],[135.9041,35.4297],[135.9131,35.4314],[135.9137,35.4388],[135.9126,35.4427],[135.9119,35.4457],[135.9106,35.4456],[135.9101,35.4478],[135.9143,35.4525],[135.9164,35.4696],[135.9177,35.4739],[135.9193,35.4751],[135.9213,35.4768],[135.9228,35.4839],[135.9241,35.4895],[135.93,35.4929],[135.934,35.5032],[135.9398,35.5204],[135.9465,35.5207],[135.9467,35.5204],[135.9517,35.5085],[135.9535,35.5057],[135.9575,35.5057],[135.9597,35.5032],[135.9634,35.5015],[135.9684,35.5024],[135.9749,35.4959],[135.9815,35.4868],[135.9842,35.4892],[135.9907,35.4925],[135.9952,35.492],[135.9968,35.4922],[136.0059,35.4916],[136.0108,35.4987],[136.0117,35.5032],[136.0157,35.5123],[136.0201,35.5123],[136.025,35.5213],[136.028,35.5241],[136.0261,35.5296],[136.0402,35.5323],[136.046,35.5303],[136.0491,35.5346],[136.0571,35.5325],[136.0609,35.5311],[136.0628,35.5283],[136.0699,35.5266],[136.0773,35.5318],[136.0778,35.5353],[136.0831,35.5404],[136.0935,35.5371],[136.0983,35.5341],[136.1051,35.5288],[136.1061,35.5321],[136.1067,35.5393],[136.1087,35.5459],[136.1066,35.5531],[136.1061,35.5566],[136.1101,35.5613],[136.1086,35.5691],[136.1123,35.5755],[136.1133,35.5829],[136.1167,35.5816],[136.1178,35.5775],[136.1218,35.5762],[136.134,35.5751],[136.1395,35.575],[136.1452,35.5706],[136.1482,35.5717],[136.1524,35.5727],[136.1584,35.5717],[136.1632,35.5707],[136.1678,35.5655],[136.1685,35.5655],[136.1693,35.5769],[136.1668,35.5835],[136.1703,35.5865],[136.1767,35.5961],[136.1659,35.6188],[136.1598,35.6264],[136.1591,35.6311],[136.1584,35.6354],[136.1558,35.6417],[136.1509,35.6497],[136.1522,35.6508],[136.15,35.6551],[136.1477,35.6625],[136.1358,35.666],[136.1342,35.6699],[136.1415,35.6791],[136.147,35.6873],[136.1498,35.6942],[136.15,35.6978]]]}},{"type":"Feature","properties":{"nam":"Gifu Ken","nam_ja":"岐阜県","id":21},"geometry":{"type":"Polygon","coordinates":[[[137.0582,36.3721],[137.0639,36.3752],[137.0708,36.3791],[137.0787,36.3845],[137.0911,36.3833],[137.0946,36.3841],[137.0943,36.3934],[137.0919,36.3969],[137.0966,36.399],[137.1018,36.3995],[137.1065,36.4059],[137.1087,36.4083],[137.1111,36.4152],[137.116,36.4167],[137.1183,36.4185],[137.121,36.4169],[137.1218,36.4173],[137.1232,36.4199],[137.1298,36.4294],[137.1335,36.4349],[137.1389,36.4381],[137.1433,36.4392],[137.1428,36.4441],[137.146,36.446],[137.1548,36.4494],[137.1607,36.4567],[137.1653,36.4547],[137.1695,36.4552],[137.1754,36.4504],[137.1781,36.4534],[137.1822,36.4526],[137.1915,36.4553],[137.1936,36.4523],[137.1939,36.4473],[137.198,36.4453],[137.2051,36.4343],[137.2065,36.4279],[137.2092,36.4317],[137.2135,36.4307],[137.214,36.4391],[137.2193,36.4394],[137.2237,36.4442],[137.2323,36.4452],[137.2391,36.4518],[137.2463,36.4614],[137.2468,36.4618],[137.248,36.4621],[137.2567,36.4517],[137.2632,36.4565],[137.2669,36.4602],[137.2789,36.4651],[137.2834,36.4631],[137.287,36.4617],[137.2992,36.4587],[137.3025,36.4621],[137.3085,36.4639],[137.3154,36.4613],[137.317,36.4596],[137.3165,36.4505],[137.3133,36.4484],[137.3129,36.4433],[137.3127,36.4417],[137.3079,36.4387],[137.305,36.4356],[137.3079,36.4318],[137.3135,36.4251],[137.32,36.4253],[137.3263,36.4285],[137.3314,36.4305],[137.3346,36.4309],[137.3391,36.4337],[137.3453,36.4337],[137.349,36.4336],[137.3515,36.4339],[137.3524,36.435],[137.3587,36.4375],[137.3582,36.4451],[137.3626,36.4503],[137.3718,36.4536],[137.3778,36.4529],[137.3806,36.4549],[137.3851,36.4562],[137.3889,36.4583],[137.3902,36.4597],[137.3949,36.4548],[137.3948,36.4488],[137.3962,36.4359],[137.4058,36.4263],[137.4117,36.4251],[137.4177,36.4251],[137.423,36.4229],[137.4269,36.4211],[137.428,36.4205],[137.4348,36.4208],[137.4363,36.4199],[137.443,36.4144],[137.4456,36.4135],[137.4497,36.4165],[137.461,36.4125],[137.47,36.4192],[137.4704,36.4199],[137.4748,36.4254],[137.4912,36.4236],[137.4968,36.4262],[137.5052,36.4248],[137.5116,36.4233],[137.5119,36.4199],[137.5172,36.4094],[137.5216,36.4059],[137.5278,36.4035],[137.5318,36.401],[137.5398,36.3926],[137.5472,36.3904],[137.5606,36.3881],[137.5717,36.3899],[137.5748,36.393],[137.5803,36.3915],[137.5873,36.3899],[137.587,36.3737],[137.5883,36.3715],[137.5948,36.3689],[137.5988,36.3705],[137.6098,36.3667],[137.6182,36.3651],[137.6218,36.3603],[137.627,36.3525],[137.6359,36.3425],[137.6455,36.3414],[137.6457,36.3365],[137.6474,36.33],[137.6506,36.3269],[137.6507,36.3215],[137.6509,36.3169],[137.6491,36.3082],[137.6528,36.3045],[137.6467,36.2961],[137.6467,36.2889],[137.6314,36.2803],[137.6263,36.2745],[137.6218,36.2687],[137.6167,36.2649],[137.6147,36.2649],[137.6107,36.2564],[137.6065,36.2532],[137.6057,36.2489],[137.5964,36.2431],[137.5937,36.2364],[137.5895,36.2294],[137.5868,36.227],[137.5833,36.2272],[137.5833,36.2209],[137.5774,36.2193],[137.5738,36.2201],[137.5742,36.2175],[137.5752,36.2131],[137.5739,36.2097],[137.5762,36.2032],[137.5808,36.1953],[137.5916,36.1917],[137.5949,36.191],[137.5909,36.1841],[137.5915,36.1795],[137.5947,36.1719],[137.5925,36.1699],[137.5896,36.1635],[137.5792,36.1599],[137.5676,36.1536],[137.5667,36.1469],[137.5592,36.1439],[137.555,36.1403],[137.5546,36.1403],[137.5544,36.1371],[137.5577,36.1322],[137.56,36.1294],[137.5557,36.1175],[137.5513,36.1156],[137.551,36.1098],[137.5539,36.107],[137.5587,36.1033],[137.5615,36.1009],[137.565,36.0973],[137.568,36.0959],[137.5742,36.0873],[137.5766,36.0865],[137.5792,36.085],[137.5835,36.0845],[137.5947,36.0789],[137.5975,36.0757],[137.6118,36.0777],[137.6137,36.0762],[137.6109,36.0699],[137.6128,36.0643],[137.6138,36.0614],[137.6107,36.058],[137.6066,36.0547],[137.6042,36.0483],[137.5976,36.0421],[137.5991,36.0272],[137.5993,36.0259],[137.5946,36.0134],[137.5881,36.0056],[137.5842,36.0032],[137.5756,35.9965],[137.5742,35.9958],[137.572,35.9957],[137.5704,35.9957],[137.569,35.9957],[137.5594,35.9893],[137.5494,35.9861],[137.5431,35.9825],[137.5443,35.974],[137.5418,35.9679],[137.5394,35.9656],[137.5322,35.9613],[137.524,35.9436],[137.522,35.9418],[137.5176,35.94],[137.5054,35.9406],[137.5009,35.9361],[137.4968,35.9282],[137.4913,35.923],[137.4892,35.9199],[137.4864,35.9174],[137.483,35.9139],[137.4839,35.9094],[137.481,35.9051],[137.4804,35.8982],[137.476,35.8951],[137.4761,35.894],[137.4648,35.8918],[137.4596,35.8895],[137.4581,35.8895],[137.4466,35.8942],[137.4391,35.9],[137.4364,35.9051],[137.4321,35.9051],[137.4232,35.9035],[137.4173,35.9037],[137.4037,35.8979],[137.3802,35.8919],[137.3732,35.8847],[137.3718,35.8836],[137.3646,35.8782],[137.3679,35.8739],[137.3671,35.8615],[137.3623,35.8489],[137.3554,35.8425],[137.3538,35.8423],[137.3354,35.8439],[137.3311,35.8375],[137.3312,35.8365],[137.3284,35.8268],[137.327,35.8257],[137.3282,35.8217],[137.3255,35.8157],[137.3256,35.8122],[137.3322,35.8081],[137.3344,35.8036],[137.3376,35.7981],[137.3473,35.8001],[137.3538,35.8013],[137.3602,35.796],[137.3672,35.7991],[137.3713,35.7996],[137.3718,35.8],[137.3809,35.8013],[137.3877,35.799],[137.394,35.7971],[137.3965,35.7854],[137.391,35.7801],[137.3984,35.7758],[137.4136,35.7767],[137.4173,35.7747],[137.4215,35.7739],[137.4237,35.7747],[137.4283,35.7711],[137.4341,35.7706],[137.4352,35.7655],[137.4402,35.7585],[137.45,35.7595],[137.4525,35.7633],[137.4589,35.7613],[137.4645,35.7553],[137.4646,35.7532],[137.4673,35.7462],[137.4662,35.7426],[137.475,35.7322],[137.4781,35.7291],[137.4805,35.7263],[137.4855,35.7235],[137.4874,35.7165],[137.4853,35.7079],[137.4876,35.7051],[137.4914,35.7027],[137.4935,35.6993],[137.4968,35.6985],[137.4977,35.6946],[137.4982,35.6873],[137.5073,35.6823],[137.5091,35.6825],[137.5149,35.6775],[137.5209,35.6763],[137.5249,35.6713],[137.5287,35.6699],[137.5351,35.6648],[137.5386,35.6587],[137.545,35.6499],[137.5394,35.6468],[137.5396,35.6404],[137.5358,35.6378],[137.5341,35.6378],[137.5322,35.6379],[137.5261,35.6336],[137.5268,35.6283],[137.5234,35.6251],[137.5212,35.6193],[137.5188,35.6194],[137.5162,35.6161],[137.5145,35.6071],[137.5169,35.605],[137.5193,35.6029],[137.5215,35.5992],[137.5318,35.5919],[137.5313,35.5881],[137.5368,35.5865],[137.5375,35.5844],[137.5438,35.5865],[137.5524,35.5869],[137.5534,35.5865],[137.5662,35.5853],[137.5684,35.5851],[137.571,35.5835],[137.5688,35.5753],[137.565,35.5693],[137.5648,35.5659],[137.5719,35.5612],[137.5715,35.5535],[137.5729,35.5507],[137.5742,35.5465],[137.5745,35.5444],[137.5767,35.5439],[137.5818,35.5387],[137.5882,35.5371],[137.595,35.5339],[137.5989,35.5336],[137.6012,35.5316],[137.603,35.5312],[137.6079,35.5332],[137.6173,35.5263],[137.6208,35.5209],[137.6218,35.5206],[137.6274,35.5119],[137.6317,35.5091],[137.6273,35.5032],[137.6274,35.5013],[137.6243,35.4998],[137.627,35.4845],[137.6294,35.4831],[137.6308,35.4763],[137.6314,35.4699],[137.6276,35.4677],[137.6257,35.4677],[137.6221,35.4673],[137.6218,35.4681],[137.618,35.4677],[137.6144,35.4631],[137.6077,35.4581],[137.5933,35.4467],[137.6014,35.4393],[137.6087,35.4371],[137.6175,35.4265],[137.6164,35.422],[137.618,35.4199],[137.6197,35.4155],[137.6218,35.4118],[137.6318,35.4104],[137.6317,35.406],[137.6348,35.4017],[137.6335,35.3991],[137.6218,35.3938],[137.6165,35.3919],[137.614,35.3923],[137.6127,35.3917],[137.6037,35.3937],[137.6018,35.3936],[137.6004,35.3936],[137.5943,35.3947],[137.5902,35.3937],[137.5756,35.4003],[137.575,35.4],[137.5784,35.3901],[137.5827,35.39],[137.5864,35.3886],[137.592,35.3837],[137.5983,35.3781],[137.5988,35.3647],[137.6019,35.3578],[137.6019,35.355],[137.6002,35.3506],[137.6013,35.3464],[137.6015,35.3412],[137.604,35.3365],[137.6036,35.3345],[137.6009,35.3308],[137.5964,35.3309],[137.5938,35.3309],[137.5904,35.33],[137.5889,35.3262],[137.584,35.3221],[137.5817,35.3184],[137.5773,35.3187],[137.5749,35.3169],[137.5714,35.3183],[137.5672,35.3143],[137.568,35.3131],[137.5642,35.3132],[137.5643,35.3107],[137.5619,35.3108],[137.5594,35.3097],[137.5569,35.3101],[137.5585,35.3003],[137.5566,35.2952],[137.5618,35.2893],[137.5615,35.2839],[137.5533,35.2839],[137.5495,35.2831],[137.5448,35.2812],[137.5397,35.2816],[137.534,35.2815],[137.5299,35.2831],[137.526,35.2843],[137.5196,35.2831],[137.5207,35.2739],[137.518,35.2747],[137.5145,35.2735],[137.5135,35.2703],[137.5072,35.2665],[137.5054,35.2634],[137.4968,35.2642],[137.4968,35.2619],[137.4968,35.2592],[137.4932,35.2592],[137.4835,35.2569],[137.4833,35.2555],[137.476,35.2532],[137.4699,35.2459],[137.4666,35.2465],[137.4625,35.2418],[137.4601,35.24],[137.4542,35.2405],[137.4503,35.2351],[137.4422,35.2337],[137.441,35.2306],[137.4391,35.23],[137.4365,35.2258],[137.4297,35.2228],[137.427,35.2255],[137.417,35.2402],[137.4089,35.2349],[137.4074,35.2368],[137.4044,35.2383],[137.4007,35.2416],[137.3978,35.2409],[137.3892,35.24],[137.3851,35.2438],[137.3829,35.2467],[137.3838,35.248],[137.3859,35.2532],[137.3832,35.2601],[137.3784,35.2586],[137.3718,35.2631],[137.3691,35.2609],[137.3642,35.2608],[137.3516,35.2579],[137.3443,35.2578],[137.345,35.2614],[137.3424,35.2611],[137.3401,35.264],[137.3454,35.2694],[137.3452,35.2726],[137.3388,35.2756],[137.3378,35.2751],[137.3349,35.2761],[137.3322,35.2771],[137.3313,35.2775],[137.3271,35.2806],[137.3243,35.2817],[137.3112,35.2877],[137.3078,35.2911],[137.3046,35.29],[137.3011,35.2896],[137.2967,35.2894],[137.2939,35.2893],[137.283,35.2882],[137.2792,35.2882],[137.2756,35.2905],[137.274,35.2879],[137.27,35.2864],[137.2626,35.2851],[137.2602,35.2801],[137.2607,35.2753],[137.2586,35.2747],[137.2573,35.2727],[137.2545,35.2727],[137.2514,35.2697],[137.2468,35.2683],[137.2446,35.2689],[137.2421,35.2647],[137.2371,35.2653],[137.2325,35.2609],[137.2283,35.2597],[137.2224,35.2557],[137.2211,35.2595],[137.2198,35.2596],[137.2134,35.2599],[137.2096,35.2583],[137.2071,35.2532],[137.2062,35.2532],[137.2037,35.2552],[137.2024,35.2532],[137.2007,35.2519],[137.1971,35.2532],[137.1941,35.2535],[137.19,35.2532],[137.1898,35.2528],[137.1858,35.2532],[137.1836,35.2546],[137.1778,35.2591],[137.1753,35.2637],[137.1731,35.2647],[137.1763,35.2677],[137.1761,35.2703],[137.1735,35.2734],[137.1713,35.2751],[137.1652,35.2825],[137.1607,35.2826],[137.154,35.2798],[137.1504,35.2811],[137.1453,35.2799],[137.1315,35.2935],[137.1296,35.2935],[137.1218,35.2959],[137.1198,35.2967],[137.1159,35.2977],[137.1022,35.3016],[137.0987,35.2978],[137.0985,35.2938],[137.096,35.2907],[137.0925,35.2924],[137.0817,35.2921],[137.0803,35.2951],[137.0807,35.304],[137.0799,35.3065],[137.0764,35.3062],[137.0676,35.3085],[137.0664,35.31],[137.063,35.3185],[137.0722,35.3257],[137.0681,35.3351],[137.0635,35.3365],[137.0634,35.3371],[137.0603,35.3389],[137.0546,35.3365],[137.05,35.3347],[137.0472,35.3365],[137.0462,35.3397],[137.0459,35.3512],[137.049,35.358],[137.0474,35.365],[137.0454,35.3669],[137.0356,35.3679],[137.0299,35.3707],[137.0281,35.3756],[137.0262,35.3752],[137.0177,35.3766],[137.015,35.3813],[137.0036,35.3811],[137.0002,35.3844],[136.9987,35.3905],[136.9968,35.3909],[136.996,35.3921],[136.9913,35.3933],[136.9887,35.401],[136.9814,35.4015],[136.978,35.4041],[136.9857,35.4149],[136.9851,35.417],[136.9861,35.4199],[136.993,35.4243],[136.9911,35.4247],[136.9777,35.4225],[136.9714,35.4222],[136.963,35.4199],[136.9609,35.4145],[136.9622,35.4101],[136.9611,35.3993],[136.9342,35.3878],[136.9211,35.3791],[136.9184,35.3785],[136.8924,35.3781],[136.8905,35.3781],[136.8718,35.3731],[136.8644,35.3723],[136.8624,35.3699],[136.8338,35.3559],[136.8308,35.3567],[136.8084,35.3597],[136.7933,35.3633],[136.7941,35.3667],[136.7941,35.3675],[136.7769,35.3695],[136.7743,35.3697],[136.7703,35.3687],[136.7593,35.3581],[136.7536,35.3449],[136.7498,35.3365],[136.7475,35.3324],[136.7468,35.3316],[136.7412,35.3237],[136.7252,35.2955],[136.7143,35.2855],[136.7044,35.2755],[136.6994,35.2653],[136.6904,35.2532],[136.6834,35.2485],[136.6777,35.241],[136.6797,35.2281],[136.6831,35.2003],[136.6719,35.1878],[136.6718,35.1699],[136.6741,35.1568],[136.6711,35.1438],[136.6725,35.1347],[136.6694,35.1336],[136.6679,35.1389],[136.656,35.1599],[136.6461,35.1658],[136.6444,35.1615],[136.6452,35.1446],[136.6381,35.1476],[136.6318,35.1501],[136.6242,35.1466],[136.6218,35.1477],[136.6161,35.1495],[136.6117,35.1579],[136.606,35.1664],[136.6053,35.1699],[136.6055,35.1701],[136.602,35.1778],[136.5997,35.1777],[136.5966,35.1776],[136.594,35.1809],[136.5915,35.1856],[136.5884,35.1845],[136.5881,35.1869],[136.5849,35.1886],[136.5842,35.1933],[136.5828,35.1962],[136.5778,35.1967],[136.575,35.2019],[136.5665,35.2045],[136.5606,35.2065],[136.5609,35.2085],[136.5586,35.2164],[136.5568,35.22],[136.5516,35.2196],[136.5482,35.22],[136.547,35.2279],[136.5494,35.2337],[136.5441,35.2349],[136.5402,35.2391],[136.5412,35.2446],[136.5377,35.2466],[136.5359,35.2501],[136.534,35.2532],[136.5337,35.2569],[136.5275,35.2575],[136.5189,35.2543],[136.5154,35.2532],[136.5138,35.2479],[136.5112,35.2407],[136.5078,35.2362],[136.5024,35.2347],[136.4968,35.2379],[136.4952,35.2379],[136.4896,35.2359],[136.4828,35.2397],[136.4826,35.2389],[136.4801,35.2349],[136.4738,35.2375],[136.4702,35.2329],[136.4663,35.2377],[136.462,35.2361],[136.4544,35.2294],[136.4509,35.2258],[136.4421,35.2171],[136.4358,35.2194],[136.4325,35.2243],[136.4317,35.2291],[136.427,35.2271],[136.4169,35.2203],[136.4149,35.2177],[136.4119,35.2184],[136.41,35.2219],[136.4003,35.2259],[136.3988,35.2273],[136.3924,35.2301],[136.3925,35.2334],[136.387,35.2347],[136.385,35.2371],[136.3781,35.2427],[136.3788,35.2451],[136.3809,35.2484],[136.3829,35.2485],[136.3849,35.2483],[136.3931,35.2532],[136.3965,35.2574],[136.3942,35.259],[136.3955,35.2787],[136.3915,35.2871],[136.3908,35.2878],[136.3947,35.2939],[136.3979,35.2974],[136.4023,35.3003],[136.4028,35.3017],[136.4047,35.3039],[136.4067,35.3091],[136.4108,35.3138],[136.4127,35.3236],[136.4111,35.3278],[136.4133,35.3323],[136.415,35.3365],[136.4206,35.3466],[136.4212,35.3531],[136.4166,35.3545],[136.4114,35.3521],[136.4095,35.3554],[136.4113,35.3585],[136.4131,35.3623],[136.413,35.3647],[136.4123,35.3685],[136.4134,35.3713],[136.4152,35.3735],[136.4178,35.3733],[136.4248,35.3737],[136.4355,35.3785],[136.4441,35.3895],[136.4433,35.3898],[136.4396,35.3943],[136.4364,35.3968],[136.4296,35.3999],[136.4242,35.4059],[136.4206,35.4114],[136.4115,35.4186],[136.4115,35.4199],[136.4114,35.421],[136.4182,35.4271],[136.4152,35.4317],[136.417,35.4341],[136.4221,35.4407],[136.4255,35.4477],[136.4226,35.4543],[136.4197,35.4665],[136.4136,35.4669],[136.4034,35.4694],[136.4012,35.4716],[136.3987,35.4782],[136.3934,35.4844],[136.3872,35.4879],[136.3876,35.4956],[136.3916,35.5032],[136.3944,35.5067],[136.3982,35.5103],[136.3997,35.5135],[136.4028,35.512],[136.4053,35.5135],[136.3998,35.5205],[136.4008,35.5263],[136.4002,35.5299],[136.3968,35.5317],[136.3849,35.5329],[136.3817,35.5373],[136.3794,35.5467],[136.3749,35.5548],[136.3718,35.5597],[136.3679,35.5593],[136.3633,35.559],[136.3563,35.5399],[136.3482,35.5377],[136.3457,35.536],[136.3405,35.5373],[136.3402,35.5419],[136.3377,35.5494],[136.3319,35.5505],[136.3268,35.5499],[136.3254,35.5462],[136.3216,35.5443],[136.3178,35.5469],[136.3169,35.5535],[136.3173,35.5601],[136.3215,35.5687],[136.3228,35.5833],[136.3231,35.5865],[136.32,35.6013],[136.3153,35.6056],[136.3163,35.6071],[136.3233,35.6163],[136.3154,35.6233],[136.3102,35.6233],[136.3049,35.6207],[136.2989,35.618],[136.293,35.6185],[136.2887,35.6203],[136.2869,35.6261],[136.2833,35.6317],[136.2789,35.6369],[136.2828,35.6433],[136.2759,35.6533],[136.2806,35.6587],[136.287,35.6646],[136.2903,35.6671],[136.2886,35.6699],[136.2902,35.6725],[136.2986,35.6777],[136.2917,35.6851],[136.2916,35.6908],[136.2979,35.6929],[136.3055,35.7013],[136.3105,35.7063],[136.3114,35.7119],[136.3236,35.7169],[136.3207,35.7235],[136.3245,35.7271],[136.3257,35.7327],[136.3245,35.743],[136.3227,35.7458],[136.3189,35.7491],[136.3195,35.7532],[136.3219,35.7659],[136.3239,35.7679],[136.3283,35.7751],[136.3357,35.7761],[136.3362,35.7745],[136.3418,35.7761],[136.3467,35.7769],[136.3521,35.7831],[136.3567,35.7863],[136.3567,35.7869],[136.3683,35.7907],[136.3718,35.7924],[136.3775,35.7952],[136.3889,35.7911],[136.3902,35.7881],[136.4002,35.789],[136.4049,35.7829],[136.4092,35.7805],[136.4156,35.7825],[136.4229,35.7801],[136.4267,35.7775],[136.4331,35.7747],[136.4427,35.7747],[136.4456,35.7731],[136.452,35.7766],[136.4586,35.7791],[136.4617,35.778],[136.4692,35.7731],[136.4749,35.7736],[136.4843,35.7753],[136.4854,35.776],[136.4864,35.7727],[136.4968,35.7641],[136.4968,35.7613],[136.4968,35.7608],[136.5014,35.7532],[136.5057,35.7504],[136.5077,35.7532],[136.5087,35.7576],[136.5122,35.7599],[136.5134,35.7624],[136.5126,35.7731],[136.5163,35.7778],[136.5233,35.7883],[136.5375,35.7811],[136.5461,35.7793],[136.5525,35.7807],[136.5602,35.7794],[136.5672,35.7792],[136.5709,35.7776],[136.5783,35.7815],[136.5854,35.785],[136.5858,35.7915],[136.5897,35.7956],[136.5956,35.7958],[136.5996,35.7986],[136.6029,35.795],[136.6076,35.7923],[136.6093,35.7914],[136.6124,35.7888],[136.6216,35.7878],[136.6218,35.7869],[136.6272,35.7916],[136.6263,35.797],[136.6327,35.7959],[136.6382,35.7985],[136.6438,35.8063],[136.6449,35.8069],[136.6526,35.7967],[136.6544,35.7857],[136.66,35.7835],[136.6658,35.7852],[136.6722,35.7917],[136.6746,35.7918],[136.6769,35.793],[136.6834,35.7896],[136.6911,35.7903],[136.6993,35.7943],[136.706,35.7919],[136.7102,35.7929],[136.7204,35.8005],[136.7233,35.8082],[136.7358,35.8051],[136.7414,35.8013],[136.7468,35.8051],[136.7572,35.8097],[136.7645,35.8103],[136.7739,35.806],[136.775,35.7993],[136.7823,35.7992],[136.7847,35.7986],[136.7891,35.7995],[136.7943,35.808],[136.7982,35.8213],[136.7979,35.8291],[136.7996,35.8365],[136.8026,35.8439],[136.816,35.8428],[136.8263,35.8465],[136.8284,35.8489],[136.832,35.8581],[136.8272,35.8691],[136.8259,35.8723],[136.8244,35.8749],[136.8191,35.8819],[136.8225,35.8882],[136.8221,35.8962],[136.8172,35.9017],[136.8159,35.9044],[136.8116,35.9125],[136.8054,35.9132],[136.7989,35.919],[136.7992,35.9199],[136.7931,35.9213],[136.7901,35.921],[136.7844,35.9244],[136.7846,35.929],[136.7933,35.9429],[136.7915,35.9467],[136.7861,35.949],[136.7842,35.9488],[136.7763,35.9513],[136.7691,35.951],[136.7535,35.9563],[136.7495,35.9613],[136.7501,35.9669],[136.7531,35.9691],[136.7507,35.9904],[136.7468,35.9913],[136.7264,35.9959],[136.729,36.0032],[136.7289,36.0097],[136.7317,36.0145],[136.732,36.0191],[136.7339,36.0219],[136.7336,36.0289],[136.7355,36.0402],[136.7345,36.0484],[136.733,36.0493],[136.7403,36.0549],[136.7398,36.0571],[136.7468,36.0611],[136.7529,36.0631],[136.7599,36.0673],[136.7638,36.0677],[136.7626,36.0753],[136.7579,36.081],[136.754,36.0864],[136.7542,36.0865],[136.757,36.0999],[136.7648,36.1057],[136.7702,36.1164],[136.7721,36.1259],[136.7779,36.1305],[136.7788,36.1336],[136.7796,36.1423],[136.7756,36.145],[136.7753,36.1502],[136.7716,36.1555],[136.7724,36.1581],[136.7657,36.1611],[136.7682,36.1643],[136.7757,36.1654],[136.7817,36.1669],[136.7869,36.1665],[136.791,36.1699],[136.7984,36.1728],[136.8022,36.1877],[136.8067,36.1919],[136.807,36.1923],[136.8178,36.201],[136.822,36.2012],[136.8216,36.2035],[136.8199,36.2084],[136.8253,36.2133],[136.8314,36.2187],[136.8342,36.2255],[136.8396,36.2324],[136.8468,36.2445],[136.8504,36.2469],[136.8515,36.2484],[136.8495,36.2523],[136.8467,36.2532],[136.844,36.2569],[136.8432,36.2599],[136.8414,36.2598],[136.8343,36.2637],[136.8326,36.2661],[136.8297,36.2661],[136.8248,36.2661],[136.8221,36.2664],[136.8145,36.2663],[136.8131,36.2713],[136.8056,36.2768],[136.8053,36.2848],[136.7982,36.2913],[136.7951,36.2938],[136.7921,36.2991],[136.8,36.3052],[136.8059,36.3057],[136.8102,36.3032],[136.8252,36.3031],[136.8268,36.3032],[136.8315,36.3065],[136.8319,36.3075],[136.8306,36.3093],[136.8359,36.3198],[136.842,36.3339],[136.8409,36.3365],[136.8375,36.3444],[136.8371,36.3475],[136.8442,36.3511],[136.8477,36.3497],[136.8544,36.3475],[136.8564,36.3497],[136.8651,36.3498],[136.8652,36.3528],[136.865,36.3566],[136.8685,36.365],[136.8713,36.3675],[136.8718,36.3674],[136.8727,36.3635],[136.874,36.361],[136.8761,36.3594],[136.8734,36.3537],[136.8718,36.3534],[136.8705,36.3535],[136.8703,36.3491],[136.8718,36.3497],[136.8756,36.3501],[136.8752,36.3461],[136.8749,36.3429],[136.8791,36.3448],[136.8828,36.3423],[136.8883,36.3461],[136.8931,36.3484],[136.8978,36.3535],[136.9037,36.3573],[136.9072,36.361],[136.9187,36.3559],[136.9258,36.3537],[136.9341,36.3486],[136.9401,36.3491],[136.9467,36.3461],[136.952,36.3395],[136.9553,36.3383],[136.9564,36.3365],[136.9605,36.3265],[136.9646,36.3185],[136.9713,36.3149],[136.9721,36.3092],[136.9682,36.3022],[136.9669,36.2956],[136.9654,36.2937],[136.9602,36.2863],[136.9605,36.2835],[136.9578,36.2791],[136.9603,36.2771],[136.9666,36.2773],[136.9684,36.2755],[136.9705,36.2778],[136.9751,36.2745],[136.9858,36.2825],[136.9865,36.2863],[136.9968,36.2873],[137.0051,36.2881],[137.0074,36.2911],[137.0112,36.2932],[137.0114,36.2942],[137.0119,36.2987],[137.0158,36.305],[137.021,36.3095],[137.018,36.3132],[137.0203,36.3185],[137.0244,36.3169],[137.0363,36.3177],[137.0448,36.324],[137.0519,36.3302],[137.0517,36.3365],[137.0546,36.3395],[137.0585,36.3427],[137.0488,36.3458],[137.0516,36.3506],[137.0567,36.3569],[137.0614,36.3672],[137.0584,36.369],[137.0582,36.3721]]]}},{"type":"Feature","properties":{"nam":"Ishikawa Ken","nam_ja":"石川県","id":17},"geometry":{"type":"MultiPolygon","coordinates":[[[[136.9138,37.8447],[136.9123,37.848],[136.915,37.8516],[136.9169,37.8539],[136.9221,37.8552],[136.9232,37.8554],[136.9244,37.8521],[136.9198,37.8501],[136.9186,37.8499],[136.9193,37.848],[136.9162,37.8471],[136.9138,37.8447]]],[[[136.9019,37.6089],[136.9006,37.6095],[136.897,37.6101],[136.8951,37.6098],[136.8978,37.6118],[136.8988,37.6127],[136.9013,37.6115],[136.9019,37.6089]]],[[[136.8771,37.5867],[136.8747,37.5896],[136.8753,37.5903],[136.8757,37.5902],[136.8771,37.5867]]],[[[136.8554,37.5872],[136.8535,37.5889],[136.8548,37.5889],[136.8554,37.5877],[136.8554,37.5872]]],[[[137.0857,37.4663],[137.0859,37.4668],[137.0874,37.469],[137.0924,37.4727],[137.0906,37.4765],[137.0923,37.4773],[137.0939,37.4771],[137.0942,37.4787],[137.0936,37.4791],[137.0949,37.4791],[137.0971,37.479],[137.1045,37.4802],[137.1073,37.4833],[137.1088,37.4851],[137.1132,37.4873],[137.1154,37.4873],[137.1218,37.4913],[137.1332,37.4948],[137.1422,37.4977],[137.146,37.4996],[137.1688,37.5031],[137.1711,37.5031],[137.1775,37.5001],[137.1878,37.5025],[137.1877,37.5032],[137.1906,37.5043],[137.1931,37.5042],[137.2015,37.5082],[137.202,37.5075],[137.2077,37.5061],[137.2179,37.5104],[137.2184,37.5142],[137.2196,37.5159],[137.2198,37.5159],[137.2221,37.5148],[137.2264,37.5176],[137.2284,37.5166],[137.2312,37.5169],[137.2331,37.5168],[137.2359,37.5213],[137.2372,37.5213],[137.2418,37.5195],[137.2468,37.5221],[137.2468,37.5227],[137.2465,37.523],[137.2468,37.525],[137.2468,37.5253],[137.2468,37.5258],[137.2491,37.525],[137.2566,37.5286],[137.2607,37.5307],[137.2632,37.5313],[137.2653,37.5286],[137.2748,37.5335],[137.2768,37.5335],[137.2762,37.5314],[137.282,37.5273],[137.2886,37.5301],[137.296,37.5265],[137.3066,37.5287],[137.3089,37.5273],[137.3251,37.5297],[137.3275,37.5296],[137.3263,37.5261],[137.3291,37.5195],[137.3389,37.5167],[137.3449,37.5157],[137.3436,37.5114],[137.351,37.5032],[137.3502,37.5018],[137.3495,37.4983],[137.3444,37.4946],[137.3397,37.4867],[137.3441,37.4768],[137.3563,37.4669],[137.3565,37.4638],[137.3605,37.4518],[137.353,37.4459],[137.3404,37.4411],[137.3137,37.4387],[137.3107,37.4367],[137.3092,37.4388],[137.3085,37.4397],[137.306,37.4405],[137.306,37.4411],[137.3027,37.4424],[137.2898,37.4426],[137.2675,37.4373],[137.2662,37.4331],[137.266,37.4331],[137.2664,37.4349],[137.2643,37.4351],[137.2645,37.4345],[137.264,37.4344],[137.2602,37.4319],[137.2592,37.4332],[137.2568,37.4318],[137.2482,37.4199],[137.2468,37.414],[137.2449,37.4113],[137.2444,37.3983],[137.2427,37.3964],[137.2374,37.3895],[137.2388,37.3735],[137.2395,37.3721],[137.2456,37.3687],[137.2427,37.3661],[137.2468,37.3566],[137.252,37.3531],[137.2592,37.3555],[137.2655,37.3579],[137.2672,37.3561],[137.2654,37.3538],[137.2622,37.348],[137.2617,37.3457],[137.2558,37.3443],[137.2525,37.3407],[137.2543,37.3387],[137.2565,37.3391],[137.2582,37.3389],[137.2643,37.3411],[137.2676,37.3365],[137.2616,37.3299],[137.2646,37.3277],[137.262,37.3254],[137.26,37.3229],[137.252,37.3181],[137.2468,37.3075],[137.2401,37.3034],[137.2388,37.3068],[137.235,37.3104],[137.2338,37.3107],[137.2335,37.3097],[137.2315,37.3111],[137.2316,37.3082],[137.2345,37.3062],[137.2291,37.3059],[137.2296,37.3041],[137.233,37.3039],[137.2361,37.3023],[137.2337,37.2999],[137.2284,37.3009],[137.2344,37.298],[137.23,37.2969],[137.2281,37.2965],[137.2218,37.2939],[137.2228,37.2964],[137.2161,37.2968],[137.2154,37.2981],[137.2146,37.2964],[137.2103,37.2965],[137.2092,37.2955],[137.2074,37.2963],[137.2089,37.3016],[137.2069,37.3013],[137.2041,37.3019],[137.1984,37.2991],[137.1946,37.2984],[137.1916,37.3011],[137.186,37.3001],[137.1815,37.2999],[137.1789,37.3009],[137.1729,37.3003],[137.1695,37.3013],[137.1639,37.3048],[137.1626,37.3011],[137.1647,37.2996],[137.1587,37.3],[137.1581,37.3016],[137.1564,37.3033],[137.153,37.3067],[137.1509,37.3069],[137.1514,37.3047],[137.1529,37.2985],[137.1506,37.2989],[137.15,37.2967],[137.1529,37.2953],[137.1452,37.2969],[137.1443,37.2992],[137.137,37.2958],[137.1302,37.2919],[137.1218,37.2893],[137.1176,37.2891],[137.1081,37.2817],[137.0989,37.2791],[137.0967,37.2727],[137.0941,37.2647],[137.091,37.2625],[137.0917,37.2615],[137.0913,37.2596],[137.094,37.2571],[137.087,37.2532],[137.0866,37.2511],[137.0832,37.2485],[137.0768,37.2457],[137.0752,37.2439],[137.0667,37.2286],[137.0685,37.2196],[137.0688,37.2181],[137.0654,37.2154],[137.0638,37.2139],[137.0603,37.2132],[137.0573,37.2089],[137.0528,37.2109],[137.0442,37.2087],[137.0414,37.2076],[137.0357,37.2061],[137.0254,37.2049],[137.0313,37.2026],[137.0283,37.1997],[137.0327,37.1985],[137.0335,37.1957],[137.0292,37.1951],[137.0274,37.1916],[137.025,37.1878],[137.0172,37.1903],[137.0151,37.1863],[137.0105,37.1835],[137.007,37.1837],[137.0032,37.1887],[137.0004,37.1901],[136.9968,37.1948],[136.9911,37.1999],[136.9877,37.1991],[136.987,37.2003],[136.9818,37.2054],[136.9812,37.2015],[136.9796,37.2017],[136.9701,37.2017],[136.9698,37.2063],[136.9681,37.2059],[136.9669,37.2089],[136.9658,37.2041],[136.9576,37.2086],[136.9586,37.213],[136.956,37.2165],[136.9534,37.2157],[136.9545,37.2188],[136.9524,37.2204],[136.946,37.2163],[136.9553,37.2278],[136.9663,37.2335],[136.9638,37.2343],[136.9639,37.2354],[136.96,37.2367],[136.9586,37.2359],[136.9442,37.2323],[136.9482,37.2312],[136.9433,37.2247],[136.9413,37.2291],[136.9387,37.2263],[136.9372,37.2301],[136.933,37.2298],[136.9337,37.2326],[136.9316,37.2323],[136.9304,37.2315],[136.9282,37.2302],[136.9249,37.2335],[136.923,37.2297],[136.9335,37.2237],[136.9319,37.2207],[136.9276,37.2219],[136.9256,37.2201],[136.918,37.2214],[136.9159,37.2275],[136.9064,37.2179],[136.9096,37.2191],[136.9133,37.2183],[136.9154,37.2183],[136.915,37.2138],[136.9192,37.2149],[136.9225,37.2148],[136.9219,37.2119],[136.9293,37.2066],[136.9261,37.1992],[136.9256,37.2024],[136.9245,37.2055],[136.9176,37.2041],[136.9155,37.2005],[136.9122,37.2023],[136.9071,37.2035],[136.9108,37.1965],[136.9117,37.1934],[136.9073,37.1921],[136.9044,37.1857],[136.9003,37.1842],[136.902,37.1838],[136.896,37.1771],[136.8923,37.1731],[136.8895,37.1699],[136.889,37.1691],[136.8893,37.1666],[136.8851,37.1649],[136.8787,37.1512],[136.8795,37.1484],[136.8746,37.1467],[136.8728,37.1447],[136.8751,37.1447],[136.8752,37.1415],[136.8794,37.1356],[136.8811,37.1403],[136.8854,37.14],[136.8839,37.1425],[136.8852,37.1437],[136.8877,37.1436],[136.8897,37.1441],[136.892,37.1414],[136.8959,37.1375],[136.8975,37.1376],[136.8996,37.1375],[136.8977,37.1311],[136.8938,37.1195],[136.8927,37.1113],[136.8907,37.1107],[136.8835,37.1152],[136.8805,37.1101],[136.8734,37.1143],[136.8718,37.1129],[136.8702,37.1134],[136.8634,37.1083],[136.859,37.1063],[136.8624,37.1044],[136.8658,37.1026],[136.8662,37.0991],[136.8667,37.0931],[136.8711,37.0889],[136.8713,37.0865],[136.8709,37.0865],[136.8684,37.0865],[136.862,37.0831],[136.8594,37.081],[136.8591,37.0765],[136.8585,37.0727],[136.8626,37.0711],[136.8645,37.0745],[136.8718,37.0717],[136.8816,37.0685],[136.8855,37.0687],[136.8877,37.0686],[136.8892,37.0737],[136.8946,37.0721],[136.8983,37.0721],[136.9035,37.0773],[136.9058,37.0773],[136.9041,37.0819],[136.9051,37.0865],[136.9065,37.0883],[136.911,37.0908],[136.9129,37.0905],[136.9141,37.0906],[136.9154,37.0909],[136.9246,37.0881],[136.9263,37.0865],[136.9267,37.0861],[136.9292,37.0865],[136.9307,37.0874],[136.9355,37.0865],[136.9419,37.0838],[136.9436,37.0838],[136.9363,37.0793],[136.936,37.0743],[136.94,37.0681],[136.9446,37.0683],[136.9463,37.0682],[136.9532,37.0683],[136.9623,37.0675],[136.9582,37.0589],[136.9563,37.0598],[136.9555,37.0573],[136.9602,37.0549],[136.9602,37.0516],[136.9626,37.0533],[136.9709,37.0477],[136.9749,37.0479],[136.976,37.0534],[136.9776,37.0511],[136.9786,37.0527],[136.98,37.0525],[136.9797,37.0506],[136.9833,37.0502],[136.9805,37.0484],[136.983,37.0495],[136.9839,37.0486],[136.9915,37.0527],[136.9934,37.0517],[136.9946,37.0527],[136.9927,37.0561],[136.9939,37.0567],[136.9923,37.0565],[136.9912,37.058],[136.9946,37.0598],[136.9968,37.0592],[136.9998,37.0555],[137.0041,37.0574],[137.0068,37.0621],[137.0039,37.0639],[137.0047,37.0681],[137.0087,37.0723],[137.0108,37.0717],[137.0114,37.0737],[137.01,37.0803],[137.0117,37.0865],[137.0122,37.0877],[137.0136,37.0907],[137.0173,37.0953],[137.0227,37.1014],[137.025,37.1031],[137.0256,37.1023],[137.0267,37.1028],[137.0299,37.1071],[137.0342,37.1036],[137.0418,37.1076],[137.0431,37.1067],[137.0446,37.1068],[137.0513,37.1068],[137.0574,37.1081],[137.0564,37.1039],[137.0519,37.1045],[137.0493,37.0989],[137.052,37.0953],[137.0505,37.0865],[137.0504,37.0833],[137.0531,37.0767],[137.0531,37.0724],[137.0519,37.0661],[137.0492,37.0585],[137.0496,37.0535],[137.0466,37.0391],[137.0474,37.0311],[137.0509,37.0215],[137.0468,37.012],[137.0471,37.0032],[137.0537,36.9952],[137.0493,36.9874],[137.05,36.9829],[137.0502,36.9781],[137.0565,36.9681],[137.0531,36.9629],[137.0516,36.9595],[137.0373,36.9673],[137.0255,36.963],[137.0196,36.9637],[137.0096,36.9622],[137.004,36.9617],[136.9968,36.9665],[136.9858,36.9667],[136.9857,36.9654],[136.9839,36.9589],[136.9801,36.9507],[136.9725,36.9446],[136.9694,36.9479],[136.9649,36.9489],[136.9637,36.9487],[136.9534,36.9563],[136.9404,36.9528],[136.9342,36.9506],[136.9307,36.9506],[136.9281,36.9479],[136.9246,36.9423],[136.9215,36.9377],[136.9193,36.9377],[136.9142,36.9305],[136.9063,36.9279],[136.9022,36.9266],[136.8973,36.9247],[136.8954,36.9249],[136.8928,36.9199],[136.8872,36.9167],[136.8853,36.9141],[136.8793,36.9068],[136.8785,36.8964],[136.8815,36.8881],[136.8851,36.885],[136.8818,36.8811],[136.8813,36.8752],[136.8747,36.8677],[136.8731,36.8679],[136.8718,36.8655],[136.8695,36.8621],[136.8621,36.8605],[136.8625,36.8566],[136.8614,36.8545],[136.8668,36.8509],[136.8617,36.8476],[136.8626,36.8425],[136.8604,36.8415],[136.8562,36.8401],[136.8564,36.8365],[136.8592,36.8284],[136.8541,36.8206],[136.8532,36.8177],[136.8487,36.8124],[136.8492,36.809],[136.8504,36.8015],[136.8537,36.7943],[136.8506,36.7869],[136.843,36.7819],[136.8487,36.7746],[136.8522,36.7697],[136.8473,36.7578],[136.8449,36.7559],[136.8444,36.7532],[136.8377,36.7449],[136.8332,36.7433],[136.8261,36.7417],[136.825,36.7422],[136.8218,36.7396],[136.8193,36.7307],[136.8145,36.7305],[136.8074,36.7298],[136.8056,36.7287],[136.7961,36.7299],[136.7931,36.7247],[136.7919,36.7203],[136.7891,36.7185],[136.8017,36.7089],[136.8045,36.7071],[136.8114,36.7037],[136.8151,36.6999],[136.8116,36.6927],[136.8108,36.6852],[136.8161,36.6856],[136.821,36.6827],[136.8214,36.6799],[136.8214,36.6741],[136.8235,36.6699],[136.8198,36.6677],[136.8158,36.663],[136.8129,36.6595],[136.8072,36.6541],[136.809,36.6519],[136.8057,36.6473],[136.8023,36.6475],[136.7997,36.6437],[136.7988,36.6358],[136.793,36.6311],[136.791,36.6312],[136.7858,36.6297],[136.7842,36.623],[136.7836,36.6147],[136.7855,36.6121],[136.7883,36.6066],[136.7893,36.6055],[136.7899,36.6027],[136.7887,36.6016],[136.7892,36.5926],[136.7938,36.5891],[136.7944,36.5865],[136.7934,36.5815],[136.7924,36.5733],[136.7918,36.569],[136.8011,36.5696],[136.81,36.5614],[136.8169,36.5521],[136.8095,36.5331],[136.8011,36.5208],[136.7996,36.5212],[136.797,36.5131],[136.7947,36.5081],[136.796,36.5032],[136.7945,36.4975],[136.7976,36.4925],[136.8001,36.4907],[136.8023,36.4903],[136.8012,36.4839],[136.7955,36.4731],[136.7978,36.4681],[136.7957,36.4637],[136.7975,36.4612],[136.788,36.4529],[136.7905,36.4471],[136.7964,36.4445],[136.7834,36.4365],[136.7774,36.4313],[136.7734,36.4328],[136.7689,36.4297],[136.7688,36.4234],[136.7711,36.4225],[136.7711,36.4199],[136.7703,36.4145],[136.7787,36.4145],[136.7847,36.4097],[136.7953,36.3999],[136.7952,36.3944],[136.7973,36.3889],[136.7974,36.3843],[136.8004,36.3779],[136.8013,36.3685],[136.8062,36.3634],[136.8073,36.3585],[136.8042,36.3556],[136.7976,36.3525],[136.7904,36.3482],[136.7873,36.3489],[136.7841,36.3422],[136.785,36.3392],[136.7857,36.3365],[136.785,36.3309],[136.7836,36.329],[136.79,36.3218],[136.789,36.3138],[136.7921,36.2991],[136.7951,36.2938],[136.7982,36.2913],[136.8053,36.2848],[136.8056,36.2768],[136.8131,36.2713],[136.8145,36.2663],[136.8221,36.2664],[136.8248,36.2661],[136.8297,36.2661],[136.8326,36.2661],[136.8343,36.2637],[136.8414,36.2598],[136.8432,36.2599],[136.844,36.2569],[136.8467,36.2532],[136.8495,36.2523],[136.8515,36.2484],[136.8504,36.2469],[136.8468,36.2445],[136.8396,36.2324],[136.8342,36.2255],[136.8314,36.2187],[136.8253,36.2133],[136.8199,36.2084],[136.8216,36.2035],[136.822,36.2012],[136.8178,36.201],[136.807,36.1923],[136.8067,36.1919],[136.8022,36.1877],[136.7984,36.1728],[136.791,36.1699],[136.7869,36.1665],[136.7817,36.1669],[136.7757,36.1654],[136.7682,36.1643],[136.7657,36.1611],[136.7724,36.1581],[136.7716,36.1555],[136.7753,36.1502],[136.7756,36.145],[136.7796,36.1423],[136.7788,36.1336],[136.7779,36.1305],[136.7721,36.1259],[136.7702,36.1164],[136.7648,36.1057],[136.757,36.0999],[136.7542,36.0865],[136.754,36.0864],[136.7468,36.0855],[136.739,36.0807],[136.7259,36.0816],[136.7159,36.0819],[136.7081,36.0793],[136.7015,36.0753],[136.6961,36.0741],[136.6925,36.072],[136.6905,36.0727],[136.6815,36.0711],[136.6745,36.0677],[136.6709,36.0692],[136.669,36.0681],[136.6637,36.0676],[136.6582,36.0697],[136.6586,36.0708],[136.6552,36.0757],[136.6567,36.083],[136.653,36.0865],[136.6514,36.0913],[136.6443,36.0961],[136.6378,36.0988],[136.631,36.1005],[136.6218,36.1065],[136.6172,36.1067],[136.6122,36.1116],[136.6122,36.1154],[136.6055,36.1204],[136.603,36.1278],[136.5961,36.1315],[136.5921,36.1314],[136.5885,36.1325],[136.5867,36.1343],[136.5819,36.1363],[136.5779,36.1396],[136.5738,36.143],[136.5634,36.1447],[136.5602,36.152],[136.5576,36.153],[136.5516,36.155],[136.5471,36.1533],[136.5416,36.1537],[136.5382,36.1524],[136.5329,36.1482],[136.5304,36.1482],[136.5271,36.1487],[136.5217,36.1513],[136.5122,36.147],[136.5068,36.1467],[136.5036,36.1494],[136.4968,36.1498],[136.4915,36.1584],[136.4894,36.159],[136.4839,36.1573],[136.4747,36.1479],[136.4713,36.1466],[136.4642,36.1383],[136.4565,36.1364],[136.4486,36.1407],[136.4401,36.1374],[136.4384,36.1413],[136.4317,36.1435],[136.4244,36.1537],[136.416,36.1557],[136.4123,36.1599],[136.4123,36.1647],[136.4114,36.1699],[136.4092,36.1719],[136.4063,36.1714],[136.3956,36.1699],[136.3897,36.1675],[136.3744,36.1699],[136.3718,36.17],[136.3685,36.1699],[136.3665,36.1671],[136.3595,36.1655],[136.3552,36.1685],[136.3505,36.1699],[136.344,36.1729],[136.3357,36.1846],[136.3367,36.1909],[136.3342,36.195],[136.332,36.1974],[136.329,36.2021],[136.3281,36.2077],[136.3304,36.2167],[136.3284,36.2215],[136.3315,36.2287],[136.3318,36.2293],[136.3274,36.2311],[136.3247,36.2321],[136.3191,36.2337],[136.3157,36.2371],[136.3172,36.2406],[136.315,36.2453],[136.3093,36.2471],[136.3029,36.2532],[136.3032,36.2543],[136.3002,36.2584],[136.2955,36.2601],[136.2911,36.261],[136.2856,36.2617],[136.2845,36.2639],[136.2828,36.2657],[136.2809,36.265],[136.274,36.2661],[136.2708,36.2664],[136.2683,36.2653],[136.2661,36.2657],[136.2679,36.2695],[136.2635,36.2691],[136.2637,36.2713],[136.2617,36.2725],[136.2638,36.2751],[136.2617,36.2763],[136.2633,36.2777],[136.2623,36.2797],[136.2601,36.2784],[136.2569,36.2795],[136.2578,36.2889],[136.2492,36.2919],[136.2468,36.2935],[136.2437,36.2956],[136.2468,36.2979],[136.2506,36.3003],[136.2708,36.3155],[136.2781,36.3241],[136.2791,36.3294],[136.2876,36.3365],[136.2882,36.3373],[136.291,36.3442],[136.2993,36.3519],[136.3029,36.3514],[136.3061,36.3531],[136.3074,36.3531],[136.3107,36.3532],[136.3137,36.353],[136.3162,36.3535],[136.3228,36.3567],[136.3271,36.3568],[136.3479,36.3671],[136.3718,36.3839],[136.4158,36.4199],[136.4264,36.4303],[136.4647,36.472],[136.477,36.4869],[136.4939,36.5032],[136.4968,36.5056],[136.5002,36.5087],[136.5203,36.5297],[136.5247,36.5343],[136.5566,36.5679],[136.5745,36.5865],[136.5822,36.5965],[136.5848,36.6003],[136.5877,36.6045],[136.6018,36.6184],[136.6033,36.6196],[136.6058,36.6223],[136.6076,36.6246],[136.6032,36.6283],[136.6131,36.6391],[136.6171,36.6368],[136.6193,36.6381],[136.6218,36.6399],[136.6461,36.6699],[136.6691,36.7013],[136.6756,36.711],[136.7017,36.7523],[136.7024,36.7532],[136.7241,36.7901],[136.7468,36.8353],[136.7474,36.8365],[136.7522,36.8493],[136.7577,36.8664],[136.7667,36.9021],[136.7652,36.9199],[136.7603,36.9235],[136.7572,36.9217],[136.7577,36.9242],[136.7549,36.9241],[136.7509,36.9253],[136.7487,36.9309],[136.7609,36.9435],[136.7602,36.9488],[136.7554,36.9514],[136.7586,36.9513],[136.7629,36.953],[136.7682,36.9639],[136.7702,36.9815],[136.7656,36.9865],[136.7696,36.9923],[136.7674,37.0016],[136.7657,37.0012],[136.7649,37.0021],[136.7661,37.0032],[136.7558,37.0067],[136.7548,37.0069],[136.7511,37.0105],[136.7468,37.0105],[136.7464,37.0109],[136.7434,37.0123],[136.7427,37.0165],[136.7429,37.0235],[136.7461,37.0301],[136.7392,37.0327],[136.7398,37.0342],[136.742,37.0342],[136.7378,37.0396],[136.7366,37.0407],[136.7338,37.0415],[136.7343,37.0447],[136.7334,37.0492],[136.731,37.0483],[136.7299,37.0503],[136.7291,37.0511],[136.7268,37.0506],[136.7226,37.0557],[136.7216,37.0647],[136.7197,37.0707],[136.7193,37.0752],[136.718,37.0781],[136.7229,37.0837],[136.7263,37.0832],[136.7251,37.0845],[136.7271,37.0856],[136.7236,37.0865],[136.7234,37.0865],[136.7225,37.0865],[136.7222,37.0865],[136.7212,37.0865],[136.7219,37.0882],[136.7243,37.0917],[136.7259,37.093],[136.7261,37.0949],[136.7294,37.0983],[136.726,37.1023],[136.7274,37.1023],[136.7289,37.1046],[136.7253,37.1155],[136.7269,37.1234],[136.7284,37.1257],[136.7279,37.1278],[136.727,37.1339],[136.721,37.1423],[136.7099,37.1492],[136.7006,37.1497],[136.698,37.1439],[136.6996,37.1435],[136.6985,37.1436],[136.6955,37.1402],[136.6935,37.1398],[136.6872,37.1376],[136.6845,37.1359],[136.6851,37.1402],[136.6838,37.1407],[136.6764,37.1384],[136.6716,37.1429],[136.6701,37.1491],[136.6723,37.1551],[136.6735,37.1616],[136.6762,37.1655],[136.6735,37.1699],[136.6761,37.1779],[136.6758,37.1887],[136.6798,37.1914],[136.6821,37.1958],[136.678,37.1995],[136.682,37.2019],[136.6801,37.2042],[136.68,37.2064],[136.6852,37.2112],[136.6873,37.2111],[136.689,37.215],[136.6899,37.2153],[136.6926,37.2153],[136.6962,37.2198],[136.6952,37.2232],[136.6977,37.2227],[136.7004,37.2231],[136.7045,37.2303],[136.7003,37.2375],[136.7007,37.2392],[136.7,37.2423],[136.7032,37.2452],[136.7063,37.2485],[136.7095,37.2482],[136.7112,37.2483],[136.7173,37.2532],[136.7212,37.2569],[136.7331,37.281],[136.7349,37.2862],[136.7318,37.2926],[136.7283,37.2926],[136.7279,37.2945],[136.7249,37.2939],[136.7257,37.3002],[136.7253,37.3029],[136.7271,37.3064],[136.7234,37.3075],[136.724,37.3161],[136.7216,37.3213],[136.7249,37.3275],[136.737,37.3365],[136.7389,37.3397],[136.7379,37.3434],[136.7378,37.348],[136.7395,37.3481],[136.7455,37.3428],[136.7468,37.3429],[136.7511,37.3449],[136.7568,37.3524],[136.754,37.3539],[136.7515,37.3573],[136.756,37.3643],[136.764,37.3657],[136.7702,37.3674],[136.7716,37.3674],[136.7723,37.3667],[136.7735,37.3675],[136.7751,37.3671],[136.777,37.3705],[136.7773,37.3707],[136.7815,37.3685],[136.7835,37.3721],[136.7905,37.3745],[136.7919,37.3778],[136.7977,37.3779],[136.8006,37.376],[136.8056,37.3824],[136.8091,37.3823],[136.8092,37.383],[136.811,37.386],[136.821,37.3883],[136.8222,37.3883],[136.8238,37.3883],[136.8295,37.3899],[136.8327,37.3937],[136.8343,37.3937],[136.8387,37.3972],[136.8425,37.4004],[136.8444,37.4004],[136.8482,37.4021],[136.851,37.4007],[136.8521,37.4027],[136.8571,37.4026],[136.8659,37.4054],[136.8673,37.4067],[136.8681,37.4073],[136.8699,37.4071],[136.8718,37.4076],[136.8721,37.4073],[136.8742,37.4073],[136.8796,37.4056],[136.8895,37.4019],[136.8944,37.4021],[136.8955,37.4055],[136.8971,37.4069],[136.9022,37.4047],[136.9019,37.4045],[136.9,37.4031],[136.8995,37.4031],[136.8987,37.4022],[136.9016,37.4004],[136.9032,37.3979],[136.9094,37.3953],[136.9243,37.3953],[136.9331,37.3991],[136.9656,37.4127],[136.9688,37.4124],[136.9748,37.4139],[136.9821,37.4199],[136.9968,37.4251],[137.017,37.4332],[137.0193,37.4331],[137.0207,37.4337],[137.0213,37.433],[137.0291,37.433],[137.0454,37.4449],[137.0458,37.4503],[137.0491,37.4491],[137.0538,37.4493],[137.0708,37.4548],[137.0741,37.4591],[137.081,37.4635],[137.0857,37.4663]]],[[[136.9464,37.0915],[136.9448,37.0933],[136.9462,37.099],[136.9432,37.1043],[136.9434,37.1059],[136.9419,37.1103],[136.9401,37.113],[136.938,37.1161],[136.932,37.1217],[136.921,37.1244],[136.9184,37.1295],[136.915,37.1334],[136.9108,37.1327],[136.9069,37.1334],[136.9062,37.1387],[136.9026,37.1403],[136.9035,37.1447],[136.9048,37.1447],[136.9053,37.1469],[136.9031,37.1455],[136.9013,37.152],[136.9031,37.1519],[136.906,37.1541],[136.906,37.153],[136.9076,37.15],[136.908,37.1505],[136.9102,37.1519],[136.9104,37.1549],[136.9152,37.1534],[136.9155,37.1507],[136.9218,37.1464],[136.923,37.1466],[136.9262,37.1447],[136.9235,37.142],[136.9225,37.1335],[136.9242,37.1309],[136.9252,37.1337],[136.9274,37.1325],[136.9312,37.1347],[136.9322,37.1403],[136.9349,37.1378],[136.9386,37.1401],[136.9383,37.1429],[136.9408,37.1464],[136.9433,37.1464],[136.9441,37.1413],[136.9485,37.139],[136.951,37.1422],[136.9515,37.1443],[136.9604,37.1431],[136.962,37.1431],[136.9625,37.1464],[136.9685,37.1451],[136.9757,37.1403],[136.9772,37.142],[136.9676,37.1475],[136.9673,37.1503],[136.967,37.1551],[136.9704,37.1543],[136.9776,37.1475],[136.9805,37.1487],[136.9862,37.1512],[136.9885,37.1427],[136.9925,37.1399],[136.9968,37.1399],[136.9995,37.1393],[137,37.1355],[137.0068,37.1363],[137.0081,37.1425],[137.0104,37.1413],[137.0121,37.1414],[137.0136,37.1411],[137.014,37.1439],[137.0156,37.1441],[137.0202,37.1427],[137.023,37.1441],[137.0231,37.1506],[137.0254,37.1585],[137.0355,37.168],[137.0392,37.168],[137.0443,37.1639],[137.0444,37.1609],[137.0476,37.1585],[137.0491,37.1553],[137.0539,37.1497],[137.0528,37.1492],[137.0469,37.1479],[137.0408,37.1397],[137.0444,37.1321],[137.0488,37.1305],[137.0496,37.1259],[137.0473,37.126],[137.0498,37.1234],[137.0402,37.1175],[137.027,37.1168],[137.0225,37.1115],[137.0195,37.1145],[137.0181,37.1133],[137.012,37.1127],[137.0126,37.1175],[137.0081,37.1159],[137.0069,37.1207],[137.0044,37.1195],[137.0054,37.1125],[137.0007,37.1155],[137.0009,37.1185],[136.9968,37.1197],[136.9812,37.1078],[136.9758,37.0977],[136.9734,37.0993],[136.9705,37.0981],[136.9682,37.1001],[136.9652,37.1048],[136.9586,37.102],[136.9508,37.0971],[136.9464,37.0915]]],[[[136.8923,37.102],[136.8906,37.1031],[136.8904,37.1089],[136.8917,37.1089],[136.8924,37.1041],[136.8923,37.102]]]]}},{"type":"Feature","properties":{"nam":"Fukui Ken","nam_ja":"福井県","id":18},"geometry":{"type":"MultiPolygon","coordinates":[[[[136.2437,36.2956],[136.2468,36.2935],[136.2492,36.2919],[136.2578,36.2889],[136.2569,36.2795],[136.2601,36.2784],[136.2623,36.2797],[136.2633,36.2777],[136.2617,36.2763],[136.2638,36.2751],[136.2617,36.2725],[136.2637,36.2713],[136.2635,36.2691],[136.2679,36.2695],[136.2661,36.2657],[136.2683,36.2653],[136.2708,36.2664],[136.274,36.2661],[136.2809,36.265],[136.2828,36.2657],[136.2845,36.2639],[136.2856,36.2617],[136.2911,36.261],[136.2955,36.2601],[136.3002,36.2584],[136.3032,36.2543],[136.3029,36.2532],[136.3093,36.2471],[136.315,36.2453],[136.3172,36.2406],[136.3157,36.2371],[136.3191,36.2337],[136.3247,36.2321],[136.3274,36.2311],[136.3318,36.2293],[136.3315,36.2287],[136.3284,36.2215],[136.3304,36.2167],[136.3281,36.2077],[136.329,36.2021],[136.332,36.1974],[136.3342,36.195],[136.3367,36.1909],[136.3357,36.1846],[136.344,36.1729],[136.3505,36.1699],[136.3552,36.1685],[136.3595,36.1655],[136.3665,36.1671],[136.3685,36.1699],[136.3718,36.17],[136.3744,36.1699],[136.3897,36.1675],[136.3956,36.1699],[136.4063,36.1714],[136.4092,36.1719],[136.4114,36.1699],[136.4123,36.1647],[136.4123,36.1599],[136.416,36.1557],[136.4244,36.1537],[136.4317,36.1435],[136.4384,36.1413],[136.4401,36.1374],[136.4486,36.1407],[136.4565,36.1364],[136.4642,36.1383],[136.4713,36.1466],[136.4747,36.1479],[136.4839,36.1573],[136.4894,36.159],[136.4915,36.1584],[136.4968,36.1498],[136.5036,36.1494],[136.5068,36.1467],[136.5122,36.147],[136.5217,36.1513],[136.5271,36.1487],[136.5304,36.1482],[136.5329,36.1482],[136.5382,36.1524],[136.5416,36.1537],[136.5471,36.1533],[136.5516,36.155],[136.5576,36.153],[136.5602,36.152],[136.5634,36.1447],[136.5738,36.143],[136.5779,36.1396],[136.5819,36.1363],[136.5867,36.1343],[136.5885,36.1325],[136.5921,36.1314],[136.5961,36.1315],[136.603,36.1278],[136.6055,36.1204],[136.6122,36.1154],[136.6122,36.1116],[136.6172,36.1067],[136.6218,36.1065],[136.631,36.1005],[136.6378,36.0988],[136.6443,36.0961],[136.6514,36.0913],[136.653,36.0865],[136.6567,36.083],[136.6552,36.0757],[136.6586,36.0708],[136.6582,36.0697],[136.6637,36.0676],[136.669,36.0681],[136.6709,36.0692],[136.6745,36.0677],[136.6815,36.0711],[136.6905,36.0727],[136.6925,36.072],[136.6961,36.0741],[136.7015,36.0753],[136.7081,36.0793],[136.7159,36.0819],[136.7259,36.0816],[136.739,36.0807],[136.7468,36.0855],[136.754,36.0864],[136.7579,36.081],[136.7626,36.0753],[136.7638,36.0677],[136.7599,36.0673],[136.7529,36.0631],[136.7468,36.0611],[136.7398,36.0571],[136.7403,36.0549],[136.733,36.0493],[136.7345,36.0484],[136.7355,36.0402],[136.7336,36.0289],[136.7339,36.0219],[136.732,36.0191],[136.7317,36.0145],[136.7289,36.0097],[136.729,36.0032],[136.7264,35.9959],[136.7468,35.9913],[136.7507,35.9904],[136.7531,35.9691],[136.7501,35.9669],[136.7495,35.9613],[136.7535,35.9563],[136.7691,35.951],[136.7763,35.9513],[136.7842,35.9488],[136.7861,35.949],[136.7915,35.9467],[136.7933,35.9429],[136.7846,35.929],[136.7844,35.9244],[136.7901,35.921],[136.7931,35.9213],[136.7992,35.9199],[136.7989,35.919],[136.8054,35.9132],[136.8116,35.9125],[136.8159,35.9044],[136.8172,35.9017],[136.8221,35.8962],[136.8225,35.8882],[136.8191,35.8819],[136.8244,35.8749],[136.8259,35.8723],[136.8272,35.8691],[136.832,35.8581],[136.8284,35.8489],[136.8263,35.8465],[136.816,35.8428],[136.8026,35.8439],[136.7996,35.8365],[136.7979,35.8291],[136.7982,35.8213],[136.7943,35.808],[136.7891,35.7995],[136.7847,35.7986],[136.7823,35.7992],[136.775,35.7993],[136.7739,35.806],[136.7645,35.8103],[136.7572,35.8097],[136.7468,35.8051],[136.7414,35.8013],[136.7358,35.8051],[136.7233,35.8082],[136.7204,35.8005],[136.7102,35.7929],[136.706,35.7919],[136.6993,35.7943],[136.6911,35.7903],[136.6834,35.7896],[136.6769,35.793],[136.6746,35.7918],[136.6722,35.7917],[136.6658,35.7852],[136.66,35.7835],[136.6544,35.7857],[136.6526,35.7967],[136.6449,35.8069],[136.6438,35.8063],[136.6382,35.7985],[136.6327,35.7959],[136.6263,35.797],[136.6272,35.7916],[136.6218,35.7869],[136.6216,35.7878],[136.6124,35.7888],[136.6093,35.7914],[136.6076,35.7923],[136.6029,35.795],[136.5996,35.7986],[136.5956,35.7958],[136.5897,35.7956],[136.5858,35.7915],[136.5854,35.785],[136.5783,35.7815],[136.5709,35.7776],[136.5672,35.7792],[136.5602,35.7794],[136.5525,35.7807],[136.5461,35.7793],[136.5375,35.7811],[136.5233,35.7883],[136.5163,35.7778],[136.5126,35.7731],[136.5134,35.7624],[136.5122,35.7599],[136.5087,35.7576],[136.5077,35.7532],[136.5057,35.7504],[136.5014,35.7532],[136.4968,35.7608],[136.4968,35.7613],[136.4968,35.7641],[136.4864,35.7727],[136.4854,35.776],[136.4843,35.7753],[136.4749,35.7736],[136.4692,35.7731],[136.4617,35.778],[136.4586,35.7791],[136.452,35.7766],[136.4456,35.7731],[136.4427,35.7747],[136.4331,35.7747],[136.4267,35.7775],[136.4229,35.7801],[136.4156,35.7825],[136.4092,35.7805],[136.4049,35.7829],[136.4002,35.789],[136.3902,35.7881],[136.3889,35.7911],[136.3775,35.7952],[136.3718,35.7924],[136.3683,35.7907],[136.3567,35.7869],[136.3567,35.7863],[136.3521,35.7831],[136.3467,35.7769],[136.3418,35.7761],[136.3362,35.7745],[136.3357,35.7761],[136.3283,35.7751],[136.3239,35.7679],[136.3219,35.7659],[136.3195,35.7532],[136.3189,35.7491],[136.3227,35.7458],[136.3245,35.743],[136.3257,35.7327],[136.3245,35.7271],[136.3207,35.7235],[136.3236,35.7169],[136.3114,35.7119],[136.3105,35.7063],[136.3055,35.7013],[136.2979,35.6929],[136.2916,35.6908],[136.2917,35.6851],[136.2986,35.6777],[136.2902,35.6725],[136.2886,35.6699],[136.2903,35.6671],[136.287,35.6646],[136.2806,35.6587],[136.2804,35.6611],[136.271,35.6661],[136.2658,35.6699],[136.2647,35.6705],[136.2582,35.6713],[136.2505,35.676],[136.2468,35.6754],[136.245,35.674],[136.2367,35.6799],[136.232,35.6826],[136.2273,35.6805],[136.2182,35.6845],[136.2127,35.6822],[136.2088,35.6867],[136.2052,35.6871],[136.2014,35.6885],[136.1993,35.6895],[136.1952,35.6958],[136.1911,35.7013],[136.185,35.7037],[136.1812,35.7017],[136.1746,35.7035],[136.1715,35.7018],[136.168,35.7028],[136.1658,35.698],[136.1632,35.6962],[136.1571,35.7002],[136.15,35.6978],[136.1498,35.6942],[136.147,35.6873],[136.1415,35.6791],[136.1342,35.6699],[136.1358,35.666],[136.1477,35.6625],[136.15,35.6551],[136.1522,35.6508],[136.1509,35.6497],[136.1558,35.6417],[136.1584,35.6354],[136.1591,35.6311],[136.1598,35.6264],[136.1659,35.6188],[136.1767,35.5961],[136.1703,35.5865],[136.1668,35.5835],[136.1693,35.5769],[136.1685,35.5655],[136.1678,35.5655],[136.1632,35.5707],[136.1584,35.5717],[136.1524,35.5727],[136.1482,35.5717],[136.1452,35.5706],[136.1395,35.575],[136.134,35.5751],[136.1218,35.5762],[136.1178,35.5775],[136.1167,35.5816],[136.1133,35.5829],[136.1123,35.5755],[136.1086,35.5691],[136.1101,35.5613],[136.1061,35.5566],[136.1066,35.5531],[136.1087,35.5459],[136.1067,35.5393],[136.1061,35.5321],[136.1051,35.5288],[136.0983,35.5341],[136.0935,35.5371],[136.0831,35.5404],[136.0778,35.5353],[136.0773,35.5318],[136.0699,35.5266],[136.0628,35.5283],[136.0609,35.5311],[136.0571,35.5325],[136.0491,35.5346],[136.046,35.5303],[136.0402,35.5323],[136.0261,35.5296],[136.028,35.5241],[136.025,35.5213],[136.0201,35.5123],[136.0157,35.5123],[136.0117,35.5032],[136.0108,35.4987],[136.0059,35.4916],[135.9968,35.4922],[135.9952,35.492],[135.9907,35.4925],[135.9842,35.4892],[135.9815,35.4868],[135.9749,35.4959],[135.9684,35.5024],[135.9634,35.5015],[135.9597,35.5032],[135.9575,35.5057],[135.9535,35.5057],[135.9517,35.5085],[135.9467,35.5204],[135.9465,35.5207],[135.9398,35.5204],[135.934,35.5032],[135.93,35.4929],[135.9241,35.4895],[135.9228,35.4839],[135.9213,35.4768],[135.9193,35.4751],[135.9177,35.4739],[135.9164,35.4696],[135.9143,35.4525],[135.9101,35.4478],[135.9106,35.4456],[135.9119,35.4457],[135.9126,35.4427],[135.9137,35.4388],[135.9131,35.4314],[135.9041,35.4297],[135.9011,35.4272],[135.8927,35.4199],[135.8932,35.4173],[135.8904,35.4038],[135.8874,35.4029],[135.8738,35.3971],[135.8718,35.3969],[135.8679,35.3955],[135.8616,35.3951],[135.8544,35.4004],[135.8549,35.407],[135.8528,35.4115],[135.8508,35.4106],[135.8393,35.4141],[135.8355,35.412],[135.8274,35.4143],[135.8215,35.4136],[135.8151,35.4131],[135.812,35.4117],[135.808,35.3959],[135.8095,35.3919],[135.8071,35.3853],[135.8,35.3851],[135.7964,35.3869],[135.7905,35.3867],[135.7907,35.3793],[135.7863,35.3778],[135.7788,35.3725],[135.7761,35.3655],[135.7723,35.3625],[135.7684,35.3561],[135.7668,35.3556],[135.7642,35.3565],[135.7595,35.3535],[135.7468,35.358],[135.7455,35.3585],[135.7408,35.3583],[135.7407,35.3556],[135.7362,35.3512],[135.7299,35.3514],[135.7251,35.352],[135.7185,35.3553],[135.7169,35.3541],[135.7145,35.3541],[135.7112,35.3495],[135.7055,35.3461],[135.7007,35.3437],[135.6905,35.3469],[135.6838,35.348],[135.675,35.3507],[135.6707,35.3541],[135.6684,35.3566],[135.6614,35.3563],[135.6591,35.3582],[135.6526,35.3599],[135.6419,35.3668],[135.6372,35.3641],[135.6218,35.3697],[135.6145,35.371],[135.611,35.3675],[135.607,35.3708],[135.6013,35.3717],[135.5958,35.3727],[135.5939,35.3711],[135.5877,35.3683],[135.5797,35.3742],[135.5744,35.3746],[135.5688,35.3753],[135.5656,35.3773],[135.5579,35.3769],[135.5504,35.3771],[135.534,35.3775],[135.5285,35.3797],[135.5264,35.3855],[135.53,35.3915],[135.5301,35.3957],[135.5279,35.3977],[135.5248,35.4023],[135.5282,35.4074],[135.5288,35.4109],[135.5257,35.4199],[135.5253,35.4207],[135.5216,35.4222],[135.5164,35.4222],[135.5112,35.4243],[135.5029,35.4205],[135.5001,35.4223],[135.4968,35.4249],[135.4958,35.4251],[135.496,35.4284],[135.4968,35.4314],[135.4979,35.4325],[135.4995,35.4324],[135.4968,35.4377],[135.4964,35.4379],[135.4886,35.4387],[135.4889,35.4408],[135.4857,35.4486],[135.4816,35.4485],[135.4699,35.4545],[135.4704,35.4556],[135.4637,35.462],[135.4591,35.4675],[135.4588,35.4725],[135.4674,35.4841],[135.4711,35.4896],[135.4738,35.4885],[135.4754,35.4891],[135.4724,35.5003],[135.474,35.5032],[135.4748,35.5049],[135.4743,35.507],[135.4675,35.5093],[135.4629,35.5133],[135.4508,35.5209],[135.449,35.5235],[135.454,35.5359],[135.4578,35.5417],[135.4599,35.5472],[135.4646,35.5509],[135.4865,35.558],[135.4846,35.5551],[135.4807,35.5524],[135.478,35.5494],[135.4783,35.5473],[135.4781,35.5427],[135.4755,35.5431],[135.4734,35.5399],[135.4731,35.5375],[135.4718,35.5349],[135.4696,35.5337],[135.4685,35.5299],[135.4727,35.5319],[135.4728,35.5294],[135.475,35.5317],[135.4793,35.5351],[135.4832,35.5339],[135.478,35.5263],[135.4801,35.5223],[135.4835,35.5231],[135.486,35.5224],[135.487,35.5249],[135.4897,35.5303],[135.4927,35.5292],[135.4921,35.5241],[135.4935,35.5225],[135.4968,35.5251],[135.4969,35.5236],[135.4988,35.5237],[135.5012,35.5238],[135.5029,35.5307],[135.5073,35.5351],[135.5091,35.5347],[135.5087,35.5369],[135.5036,35.5399],[135.4968,35.5391],[135.4955,35.5409],[135.4968,35.541],[135.5011,35.5419],[135.4987,35.5501],[135.4999,35.554],[135.5038,35.5499],[135.506,35.5498],[135.5088,35.5494],[135.5122,35.5495],[135.5136,35.5493],[135.5153,35.5507],[135.5177,35.5499],[135.5142,35.5353],[135.5159,35.5354],[135.5132,35.5307],[135.5144,35.5311],[135.5158,35.5269],[135.5136,35.5243],[135.5127,35.5219],[135.5133,35.5162],[135.51,35.5147],[135.5097,35.5098],[135.5079,35.5078],[135.5082,35.5032],[135.5096,35.5012],[135.5127,35.5013],[135.5135,35.4998],[135.5144,35.4953],[135.5342,35.4889],[135.5374,35.489],[135.5457,35.4937],[135.5473,35.4929],[135.5498,35.4929],[135.5506,35.4946],[135.5514,35.4971],[135.552,35.4958],[135.5532,35.4964],[135.5544,35.4945],[135.5536,35.4924],[135.5584,35.4903],[135.5678,35.4922],[135.5715,35.4921],[135.5756,35.4932],[135.577,35.4992],[135.5806,35.4981],[135.5923,35.5032],[135.6022,35.5139],[135.6088,35.5181],[135.6113,35.5182],[135.619,35.5199],[135.6198,35.5259],[135.6218,35.529],[135.6275,35.5333],[135.631,35.5375],[135.6328,35.5375],[135.6383,35.5385],[135.6419,35.5406],[135.6465,35.5429],[135.6489,35.5431],[135.6513,35.5435],[135.6514,35.5455],[135.6561,35.5462],[135.6609,35.5476],[135.6605,35.5456],[135.662,35.5448],[135.6597,35.5447],[135.6587,35.5442],[135.6599,35.5438],[135.6629,35.5391],[135.659,35.5361],[135.6602,35.5334],[135.665,35.5337],[135.6689,35.5252],[135.6642,35.5239],[135.6615,35.5277],[135.657,35.5313],[135.6505,35.5291],[135.6366,35.5209],[135.6328,35.5221],[135.6282,35.5219],[135.631,35.52],[135.6322,35.5183],[135.6361,35.5189],[135.6408,35.5197],[135.639,35.5162],[135.6367,35.5139],[135.64,35.5111],[135.6419,35.5081],[135.6359,35.5032],[135.631,35.4977],[135.6309,35.4945],[135.6271,35.4919],[135.6264,35.4892],[135.6218,35.4923],[135.6201,35.4925],[135.6103,35.4917],[135.6061,35.4901],[135.6024,35.4911],[135.5937,35.4947],[135.5863,35.4943],[135.5807,35.4899],[135.5834,35.4907],[135.592,35.4904],[135.5969,35.4877],[135.6045,35.4824],[135.6096,35.4809],[135.6139,35.4841],[135.62,35.486],[135.6218,35.4842],[135.6317,35.4785],[135.6344,35.4794],[135.6385,35.4783],[135.6432,35.4789],[135.6447,35.4788],[135.6474,35.4784],[135.6527,35.4785],[135.6596,35.4901],[135.6622,35.4938],[135.6663,35.4896],[135.6707,35.4911],[135.6714,35.4892],[135.675,35.4876],[135.687,35.4878],[135.6901,35.4878],[135.7,35.4935],[135.7023,35.4895],[135.7063,35.4895],[135.7112,35.4836],[135.7165,35.4844],[135.7181,35.4843],[135.72,35.4919],[135.7255,35.4919],[135.7292,35.495],[135.7336,35.4929],[135.7359,35.4931],[135.742,35.5026],[135.7444,35.4995],[135.7449,35.5011],[135.7435,35.5032],[135.7413,35.5046],[135.7468,35.5112],[135.7486,35.5139],[135.7506,35.5302],[135.7549,35.5328],[135.7583,35.5307],[135.7625,35.5309],[135.7639,35.5361],[135.7587,35.5387],[135.7566,35.5374],[135.7508,35.5378],[135.7501,35.5361],[135.7468,35.5335],[135.7455,35.5369],[135.7363,35.5351],[135.7348,35.5271],[135.7299,35.5246],[135.7251,35.5219],[135.7183,35.5202],[135.7163,35.5218],[135.7165,35.5295],[135.7171,35.5327],[135.7169,35.5401],[135.7104,35.5428],[135.7005,35.5443],[135.6943,35.5432],[135.6898,35.5443],[135.6888,35.5496],[135.6904,35.5495],[135.7034,35.5592],[135.7076,35.5637],[135.7092,35.5637],[135.7105,35.5638],[135.7132,35.569],[135.7175,35.5702],[135.7195,35.5691],[135.7232,35.5691],[135.7249,35.5693],[135.7263,35.5691],[135.7325,35.5709],[135.7373,35.5705],[135.7398,35.5707],[135.7412,35.5692],[135.7439,35.5649],[135.7468,35.5661],[135.7486,35.5665],[135.7519,35.5593],[135.7498,35.5557],[135.7531,35.553],[135.7522,35.5501],[135.7554,35.5488],[135.7538,35.5474],[135.7574,35.543],[135.7609,35.5445],[135.7629,35.5445],[135.7671,35.5429],[135.771,35.5468],[135.7667,35.5503],[135.7644,35.5507],[135.7646,35.5568],[135.7752,35.5495],[135.7785,35.5498],[135.782,35.5463],[135.7865,35.5416],[135.7926,35.5417],[135.7908,35.5407],[135.7889,35.5379],[135.7854,35.5365],[135.7897,35.5305],[135.7932,35.5307],[135.7953,35.5298],[135.7979,35.5251],[135.8001,35.5271],[135.8044,35.533],[135.8067,35.5276],[135.809,35.5279],[135.8113,35.5279],[135.8135,35.5294],[135.8156,35.5316],[135.8123,35.537],[135.814,35.5369],[135.8182,35.5373],[135.8216,35.5336],[135.8235,35.5337],[135.8256,35.5336],[135.8336,35.5363],[135.831,35.5418],[135.8274,35.5422],[135.8286,35.5459],[135.8262,35.546],[135.8252,35.5523],[135.8221,35.5511],[135.8213,35.5533],[135.8168,35.557],[135.8123,35.5583],[135.8131,35.5622],[135.8097,35.5641],[135.8051,35.5642],[135.8031,35.5681],[135.8011,35.5713],[135.805,35.5696],[135.8093,35.5715],[135.8104,35.5769],[135.8147,35.5715],[135.819,35.5738],[135.8229,35.5711],[135.8267,35.5692],[135.8272,35.5651],[135.8337,35.5621],[135.8393,35.5632],[135.8401,35.5674],[135.8425,35.5705],[135.8492,35.5715],[135.8484,35.5759],[135.8497,35.5785],[135.8538,35.5785],[135.8542,35.5805],[135.8567,35.5819],[135.8544,35.5865],[135.8564,35.5877],[135.8557,35.5917],[135.8526,35.5919],[135.8547,35.5955],[135.8536,35.603],[135.8445,35.6016],[135.8447,35.6052],[135.8405,35.6081],[135.8323,35.6031],[135.8287,35.6075],[135.8268,35.6103],[135.8354,35.616],[135.837,35.6157],[135.8384,35.621],[135.835,35.6237],[135.824,35.6242],[135.8244,35.6258],[135.8237,35.6287],[135.8233,35.6316],[135.8311,35.6299],[135.8326,35.6302],[135.8297,35.6328],[135.8223,35.6375],[135.8152,35.6325],[135.8138,35.6339],[135.8135,35.6392],[135.8143,35.6423],[135.8158,35.6427],[135.8223,35.6441],[135.8283,35.6389],[135.8338,35.6367],[135.8386,35.6373],[135.845,35.6357],[135.8431,35.6281],[135.8475,35.6232],[135.853,35.6245],[135.8588,35.6233],[135.8584,35.6198],[135.8568,35.6167],[135.8599,35.6106],[135.8616,35.6108],[135.8631,35.6107],[135.8658,35.6086],[135.8718,35.6096],[135.8762,35.6105],[135.8783,35.6149],[135.8838,35.6175],[135.8914,35.6131],[135.8929,35.6117],[135.8951,35.6143],[135.8941,35.6195],[135.8981,35.6237],[135.9001,35.6237],[135.9065,35.6248],[135.9074,35.6203],[135.9088,35.6135],[135.9107,35.6139],[135.9127,35.6095],[135.9212,35.6095],[135.9375,35.6145],[135.9407,35.6189],[135.9445,35.6223],[135.9503,35.6278],[135.9484,35.6329],[135.9539,35.6341],[135.9537,35.6309],[135.9581,35.6269],[135.9621,35.6223],[135.97,35.6231],[135.9801,35.6299],[135.9859,35.6414],[135.9783,35.6496],[135.9741,35.6551],[135.969,35.6564],[135.9668,35.6552],[135.9636,35.6563],[135.9666,35.6607],[135.9684,35.6699],[135.9684,35.6703],[135.9657,35.6739],[135.9697,35.6753],[135.9766,35.6847],[135.9757,35.696],[135.9716,35.7028],[135.9722,35.7051],[135.9709,35.7118],[135.9633,35.7097],[135.9635,35.7083],[135.9644,35.7069],[135.9663,35.7024],[135.9625,35.6999],[135.9597,35.7005],[135.9555,35.703],[135.9578,35.7046],[135.9589,35.7154],[135.9539,35.7205],[135.9583,35.727],[135.9615,35.7285],[135.9643,35.7302],[135.9649,35.7326],[135.9663,35.7325],[135.9682,35.7351],[135.9734,35.7353],[135.9747,35.7328],[135.9797,35.7329],[135.9931,35.7477],[135.9968,35.7496],[136.0001,35.7501],[136.0078,35.7532],[136.0092,35.7567],[136.013,35.7588],[136.0169,35.7639],[136.0215,35.7622],[136.0248,35.756],[136.0301,35.7532],[136.0374,35.7389],[136.0246,35.7493],[136.0217,35.7488],[136.0223,35.7461],[136.0255,35.7427],[136.0278,35.7386],[136.0373,35.7278],[136.0358,35.7199],[136.0387,35.7157],[136.0375,35.7103],[136.0416,35.7059],[136.0429,35.7059],[136.0427,35.7046],[136.0412,35.6984],[136.0427,35.6985],[136.0439,35.6921],[136.0415,35.6915],[136.0373,35.6945],[136.0292,35.6895],[136.025,35.6806],[136.0347,35.6755],[136.0364,35.6746],[136.042,35.6699],[136.0425,35.669],[136.0447,35.6639],[136.0436,35.6587],[136.0508,35.6568],[136.0633,35.6585],[136.0632,35.6601],[136.0591,35.6599],[136.0641,35.6613],[136.0645,35.6587],[136.0686,35.66],[136.0737,35.6625],[136.0692,35.6641],[136.0729,35.6669],[136.0765,35.6665],[136.0781,35.6699],[136.0765,35.6714],[136.0774,35.6782],[136.0713,35.6795],[136.0755,35.6801],[136.0772,35.68],[136.0783,35.6799],[136.0816,35.6799],[136.0857,35.6851],[136.0816,35.6887],[136.0807,35.6979],[136.0796,35.7015],[136.079,35.7047],[136.0807,35.7046],[136.0843,35.7075],[136.0911,35.7101],[136.0912,35.7158],[136.0973,35.7241],[136.097,35.7285],[136.0963,35.7357],[136.0861,35.7383],[136.0873,35.7401],[136.0905,35.7418],[136.0923,35.7413],[136.0976,35.7448],[136.1011,35.7532],[136.0979,35.7654],[136.097,35.7671],[136.1,35.7771],[136.0947,35.7852],[136.0862,35.7992],[136.0779,35.81],[136.0694,35.8249],[136.0671,35.8265],[136.0623,35.8293],[136.053,35.8365],[136.0463,35.8409],[136.0424,35.8457],[136.0339,35.8533],[136.0108,35.8724],[136.0035,35.8788],[135.9987,35.8821],[135.9968,35.8871],[135.9944,35.8879],[135.9957,35.8903],[135.9934,35.8944],[135.994,35.895],[135.9968,35.9007],[135.9969,35.9008],[135.999,35.9034],[135.9968,35.9059],[135.9956,35.9119],[135.9968,35.9193],[135.9971,35.9199],[135.9968,35.9355],[135.9923,35.9403],[135.9897,35.942],[135.9887,35.9426],[135.9854,35.9445],[135.986,35.9495],[135.9812,35.9543],[135.9788,35.9561],[135.9702,35.9619],[135.9679,35.9678],[135.964,35.9707],[135.9583,35.9761],[135.9599,35.9771],[135.9575,35.9816],[135.9618,35.9861],[135.9606,35.9896],[135.9633,35.9916],[135.9644,35.993],[135.9639,35.9977],[135.9643,35.9978],[135.9679,36.0013],[135.9693,36.0013],[135.9729,36.0032],[135.973,36.0045],[135.9763,36.0044],[135.9819,36.0089],[135.9836,36.0087],[135.9968,36.0193],[136.0006,36.0245],[136.0108,36.0341],[136.0113,36.0404],[136.0106,36.0456],[136.0153,36.0489],[136.0156,36.0513],[136.0191,36.0589],[136.0196,36.0643],[136.0216,36.0717],[136.0229,36.0714],[136.0253,36.0717],[136.0247,36.0743],[136.0305,36.0865],[136.0305,36.0892],[136.0307,36.0912],[136.0282,36.0958],[136.0294,36.0972],[136.0314,36.0971],[136.0338,36.1031],[136.0346,36.1027],[136.0373,36.1049],[136.0386,36.1051],[136.0468,36.1085],[136.0492,36.1177],[136.0514,36.1193],[136.0542,36.1234],[136.0543,36.1283],[136.0553,36.1287],[136.0562,36.1295],[136.0575,36.1299],[136.0596,36.1299],[136.0603,36.1291],[136.0605,36.1313],[136.0606,36.1323],[136.0619,36.1321],[136.0632,36.1322],[136.0651,36.1323],[136.0668,36.1324],[136.0813,36.1429],[136.095,36.1568],[136.091,36.1602],[136.0976,36.1699],[136.0998,36.173],[136.1141,36.1927],[136.1124,36.2053],[136.1127,36.2053],[136.1143,36.1928],[136.1205,36.1901],[136.1218,36.1901],[136.1234,36.1909],[136.1272,36.1905],[136.1293,36.1919],[136.1272,36.1937],[136.1326,36.2021],[136.1308,36.2053],[136.1269,36.1995],[136.1218,36.2009],[136.1187,36.2003],[136.1187,36.2005],[136.1218,36.2012],[136.132,36.2141],[136.1295,36.2192],[136.1331,36.2207],[136.1342,36.2232],[136.131,36.2247],[136.1325,36.228],[136.1247,36.2374],[136.1271,36.2389],[136.1311,36.2406],[136.1266,36.2455],[136.1232,36.2493],[136.1246,36.2509],[136.1273,36.2508],[136.1287,36.251],[136.137,36.2506],[136.1403,36.2532],[136.1409,36.2532],[136.1429,36.2532],[136.1436,36.2532],[136.1441,36.2517],[136.1457,36.2532],[136.1476,36.255],[136.149,36.2531],[136.1531,36.2532],[136.1542,36.2532],[136.1589,36.2501],[136.1726,36.2532],[136.1828,36.2579],[136.196,36.2644],[136.2353,36.2879],[136.2437,36.2956]]],[[[136.1173,36.2503],[136.1178,36.2532],[136.1201,36.2538],[136.1207,36.2532],[136.1207,36.2515],[136.1173,36.2503]]],[[[135.8027,35.6304],[135.8034,35.6395],[135.8059,35.6393],[135.806,35.6356],[135.8062,35.6322],[135.8027,35.6304]]]]}}]}